album_id,album_name,duration_min,album_type,album_date,album_tracks,album_pic
01RGJSfrva3J4aB7Gu7WYQ,Non-Stop Erotic Cabaret,2.58,Album,1981-11-27,"Frustration - Remastered 2023 (04:12)/Tainted Love - Remastered 2023 (02:34)/Seedy Films - Remastered 2023 (05:04)/Youth - Remastered 2023 (03:21)/Sex Dwarf - Remastered 2023 (05:11)/Entertain Me - Remastered 2023 (03:35)/Chips On My Shoulder - Remastered 2023 (04:06)/Bedsitter - Remastered 2023 (03:36)/Secret Life - Remastered 2023 (03:36)/Say Hello, Wave Goodbye - Remastered 2023 (05:33)/Memorabilia - Single Version / Remastered 2023 (04:49)/Torch - 7"" Single Version / Remastered 2023 (04:08)/What? - 7"" Single Version / Remastered 2023 (02:49",https://i.scdn.co/image/ab67616d00001e02c25f1af712bb95fed52ed422
06we4RiGhODMsbAPWmogy2,Music for the Masses (Deluxe),8.1,Album,1987-09-28,"Never Let Me Down Again (04:48)/The Things You Said (04:02)/Strangelove (04:54)/Sacred (04:49)/Little 15 (04:18)/Behind the Wheel (05:18)/I Want You Now (03:44)/To Have and to Hold (02:51)/Nothing (04:18)/Pimpf (04:56)/Agent Orange (05:09)/Never Let Me Down Again - Aggro Mix (04:56)/To Have and to Hold - Spanish Taster (02:35)/Pleasure, Little Treasure - Glitter Mix (05:35)/Pleasure, Little Treasure (02:53)/Route 66 (04:10)/Stjarna (04:22)/Sonata No.14 in C#m (Moonlight Sonata) (05:37",https://i.scdn.co/image/ab67616d00001e0213ccc3e363f27a4a3d06d1b1
0AkFeymQspB5k0ItaW1HUi,L'Infinitamente Piccolo,95.18,Album,2000-01-01,"Il cantico Delle Creature (03:35)/Il Sultano Di Babilonia e La Prostituta (05:25)/Il Lupo Di Gubbio (03:58)/Audite Poverelle (03:06)/Divina Commedia, Paradiso, Canto XI (04:42)/Il Trattato Dei miracoli (04:02)/Nelle Paludi Di Venezia Francesco Si Fermo’ Per Pregare E Tutto Tacque (03:49)/La Regola (03:31)/La Predica Della Prefetta Letizia (04:33)/La Morte Di Francesco (05:35)/Salmo (03:14",https://i.scdn.co/image/ab67616d00001e02da84ac7093b84af180d2541c
0DQyTVcDhK9wm0f6RaErWO,Doolittle,2.92,Album,1989-04-17,Debaser (02:51)/Tame (01:56)/Wave Of Mutilation (02:03)/I Bleed (02:34)/Here Comes Your Man (03:21)/Dead (02:21)/Monkey Gone to Heaven (02:55)/Mr. Grieves (02:05)/Crackity Jones (01:24)/La La Love You (02:43)/No 13 Baby (03:51)/There Goes My Gun (01:49)/Hey (03:30)/Silver (02:25)/Gouge Away (02:42,https://i.scdn.co/image/ab67616d00001e020ab3c2a306c614fae36ff1d6
0GFpEhT42Y2rSeBXWMpBFF,Northern Lights,4.39,Single,2018-08-15,Northern Lights (04:23,https://i.scdn.co/image/ab67616d00001e027549876553bb077469211049
0HoF3Ir1IYbIkvrxXrLGOB,Drama (Deluxe Edition),6.58,Album,1980-08-22,Machine Messiah (10:27)/Man in a White Car - LP/Single Version (01:21)/Does It Really Happen? - LP/Single Version (06:34)/Into the Lens (08:32)/Run Through the Light (04:42)/Tempus Fugit (05:15)/Into the Lens - 2003 Remaster (03:45)/Run Through the Light - 2003 Remaster (04:27)/Have We Really Got to Go Through This (03:40)/Song No. 4 (Satellite) (07:30)/Tempus Fugit - Tracking Session (05:36)/Man in a White Car - Tracking Session (01:08)/Dancing Through the Light (03:16)/Golden Age (05:56)/In the Tower (02:53)/Friend of a Friend (03:38,https://i.scdn.co/image/ab67616d00001e023f24e7835055139eb7b3a4c8
0ICEGX26wNqIKLmWRpZxwx,Tales Of Mystery And Imagination (Original 1976 Version),3.97,Album,1976-06-25,A Dream Within A Dream (03:41)/The Raven (03:58)/The Tell-Tale Heart (04:42)/The Cask Of Amontillado (04:28)/(The System Of) Doctor Tarr And Professor Fether (04:14)/The Fall Of The House Of Usher: Prelude (05:52)/The Fall Of The House Of Usher: Arrival (02:41)/The Fall Of The House Of Usher: Intermezzo (01:03)/The Fall Of The House Of Usher: Pavane (04:34)/The Fall Of The House Of Usher: Fall (00:52)/To One In Paradise (04:29,https://i.scdn.co/image/ab67616d00001e02dd7e9be4966d93c97906200d
0KZzE7kp90tb85NaixWeir,Skylarking (Remastered 2001),9.67,Album,1986-10-27,"Summer's Cauldron - Remastered 2001 (03:19)/Grass - Remastered 2001 (03:05)/The Meeting Place - Remastered 2001 (03:14)/That's Really Super, Supergirl - Remastered 2001 (03:21)/Ballet For A Rainy Day - Remastered 2001 (02:50)/1000 Umbrellas - Remastered 2001 (03:44)/Season Cycle - Remastered 2001 (03:21)/Earn Enough For Us - Remastered 2001 (02:54)/Big Day - Remastered 2001 (03:32)/Another Satellite - Remastered 2001 (04:15)/Mermaid Smiled - Remastered 2001 (02:26)/The Man Who Sailed Around His Soul - Remastered 2001 (03:24)/Dying - Remastered 2001 (02:31)/Sacrificial Bonfire - Remastered 2001 (03:49)/Dear God - Remastered 2001 (03:38",https://i.scdn.co/image/ab67616d00001e0271e71a75f470752c8eb16cbb
0PSWY4XyjTWppfBb0tBtqu,Brotherhood (Collector's Edition),29.85,Album,1986-09-29,"Paradise (03:52)/Weirdo (03:52)/As It Is When It Was (03:44)/Broken Promise (03:48)/Way of Life (04:06)/Bizarre Love Triangle (04:23)/All Day Long (05:11)/Angel Dust (03:43)/Every Little Counts (04:28)/State of the Nation (06:36)/Bizarre Love Triangle - Shep Pettibone 12"" Remix (06:45)/1963 - 12"" Version (05:37)/True Faith - Shep Pettibone 12"" Remix (09:03)/Touched by the Hand of God - 12"" Version (07:06)/Blue Monday '88 - 12"" Version (07:10)/Evil Dust (03:44)/True Faith - Eschreamer Dub (07:51)/Blue Monday '88 Dub - 12"" Version (07:20",https://i.scdn.co/image/ab67616d00001e02530a2c5dd17d2ddf8edc2978
0Tg76MY2wNK4j37iCb6qyH,Violator (Deluxe),6.12,Album,1990-03-19,World In My Eyes (04:26)/Sweetest Perfection (04:43)/Personal Jesus (04:55)/Halo (04:30)/Waiting for the Night (06:07)/Enjoy the Silence (06:12)/Policy of Truth (04:55)/Blue Dress (05:38)/Clean (05:33)/Dangerous (04:21)/Memphisto (04:08)/Sibeling (03:17)/Kaleid - 7'' Version (04:17)/Happiest Girl - Jack Mix (04:57)/Sea of Sin - Tonal Mix (04:44,https://i.scdn.co/image/ab67616d00001e02234bbbad4dce31cd2950af3e
0Y0bEGAD1vkKyeRj2S4tIP,City No Mad,10.12,Album,2004-07-01,Desert Roots (04:30)/Salama (04:14)/Caravan II Bagdad (04:35)/Song for Boudiaf (06:15)/Moulana (03:59)/Fatima (04:37)/Streets of Algiers (05:49)/African Soul (05:32)/Alash (07:08,https://i.scdn.co/image/ab67616d00001e02b45411014766de87c08aa739
0aAfFqBB1IseMDXBHWkT20,Out Of This World,42.31,Album,1988,Three Fish in the Desert (03:55)/Cairo by Night (03:35)/Walking the Camel (04:59)/Shake the Sheikh (04:42)/The Dreams and the Loaf of Bread (03:54)/Grand Babylon Hotel (05:21)/Out of This World (04:01)/Radio Arabia (03:57)/Urban Dervish (03:56)/This Is Not America (04:40,https://i.scdn.co/image/ab67616d00001e02b467d1f67c4b8dd439289602
0aiTqo8YZI0dKDgcCnkkzP,Late for the Sky (Remastered),41.36,Album,1974,Late for the Sky - Remastered (05:41)/Fountain of Sorrow - Remastered (06:52)/Farther On - Remastered (05:21)/The Late Show - Remastered (05:14)/The Road and the Sky - Remastered (03:08)/For a Dancer - Remastered (04:46)/Walking Slow - Remastered (03:55)/Before the Deluge - Remastered (06:21,https://i.scdn.co/image/ab67616d00001e022a025a4e7885b7e74006c113
0b33cACjsSPVBchGgsFGMu,Universi paralleli di Franco Battiato,6.88,Compilation,2018-09-28,Atlantide - Live 2003 (03:10)/Strani Giorni - Live 2003 (03:44)/Shock In My Town - Live 2003 (03:56)/E ti vengo a cercare - Live 2003 (03:46)/La cura - Live 2003 (04:07)/Mesopotamia - Live 2003 (04:21)/Lode All'Inviolato - Live 2003 (03:10)/Stranizza D'Amuri - Live 2003 (02:13)/La stagione dell'amore - Live 2003 (02:50)/Povera Patria - Live 2003 (03:46)/Medley Last Summer Dance - Live 2003 (08:23)/L'animale - Live 2003 (02:54)/L'era del cinghiale bianco - Live 2003 (03:02)/Cuccuruccuccu - Live 2003 (04:11)/Centro di gravità permanente - Live 2003 (04:15)/Auto Da Fè - live (03:56)/Voglio vederti danzare - live (03:27)/Insieme a te non ci sto piu' (03:12)/Perduto amore (03:17)/Il cielo in una stanza (03:11)/Se mai (03:06)/Ritornerai (03:25)/Col tempo sai (03:34)/Impressioni di settembre (03:40)/Le tue radici (03:20)/Hey Joe (03:34)/Se tu sapessi (03:17)/Sigillata con un bacio (Sealed with a Kiss) - Italian Version (03:20)/Come un sigillo (03:04)/Beim schlafengehen (02:54)/La Mer (03:00)/Prologo (02:26)/Running Against The Grain (03:42)/Bist Du Bei Mir (04:19)/La quiete dopo un addio (03:54)/Personalità Empirica (03:34)/Il cammino interminabile (03:44)/Lontananze D'Azzurro (03:29)/Sarcofagia (03:42)/Scherzo in minore (03:21)/Il Potere Del Canto (04:03)/Tra sesso e castità (03:25)/Le aquile non volano a stormi (03:26)/Ermeneutica (03:34)/Fortezza Bastiani (03:20)/Odore di polvere da sparo (03:28)/I'm that (03:32)/Conforto alla vita (03:22)/23 coppie di cromosomi (03:33)/Apparenza e realtà (03:38,https://i.scdn.co/image/ab67616d00001e021773a7b8623a39d8da4ed9e6
0bJMFJ2XQwpO5nKTrYdUtX,The Rolling Stones,3.15,Album,1964-04-16,Route 66 (02:20)/I Just Want To Make Love To You - Mono Version (02:17)/Honest I Do (02:09)/Mona (I Need You Baby) (03:34)/Now I've Got A Witness (02:31)/Little By Little - Mono Version (02:39)/I'm A King Bee (02:36)/Carol (02:34)/Tell Me (04:05)/Can I Get A Witness (02:56)/You Can Make It If You Try (02:01)/Walking The Dog (03:09,https://i.scdn.co/image/ab67616d00001e02e5bd9c16543752620815ebdc
0kmpQ28yR2OJqnUxhjfRLU,World Record,25.06,Album,1976-01-01,When She Comes (08:02)/A Place To Survive (10:04)/Masks (06:56)/Meurglys III (The Songwriters Guild) (20:51)/Wondering (06:34,https://i.scdn.co/image/ab67616d00001e025c909ab6ff829117b6a19361
0p8Zy0wEzDYiFDcSt07UHe,The Best Of,3.45,Compilation,2008-03-20,"Digital (02:50)/Disorder (03:29)/Shadowplay (03:52)/New Dawn Fades (04:47)/Transmission (03:37)/Atmosphere (04:10)/Dead Souls (04:55)/She's Lost Control - 12"" Single Version (04:54)/Love Will Tear Us Apart (03:26)/These Days (03:28)/Twenty Four Hours (04:28)/Heart and Soul (05:50)/Incubation (02:53)/Isolation (02:53",https://i.scdn.co/image/ab67616d00001e0265792edb445d4a107dbe97fd
0xM84XzqFGTDsFjPgCrXh9,Islands,73.99000000000001,Album,1984,The Lion's Mouth (03:36)/Big Apple (04:09)/The Power to Forgive (04:46)/Melting the Ice Away (05:18)/Turn Your Back on Me (04:01)/Islands (04:51)/On a Plane (04:13)/Part of Me Is You (03:57)/The Loop (04:42)/Turn Your Back on Me - Thompson & Barbiero US Mix (03:57)/The Pump Rooms of Bath (02:32)/The Garden - Instrumental (02:51)/Monochromatic - Live (04:10)/Big Apple - Metro Mix (06:05)/The Lion's Mouth - Beast Mix (05:39)/Turn Your Back on Me - Extended Mix (05:05,https://i.scdn.co/image/ab67616d00001e02a2fde6bbd3344d56986006fb
14chsctrt7Rx38fQUbfqFz,Replicas (1998 Remaster),10.78,Album,1979-04-06,"Me, I Disconnect from You - 1998 Remaster (03:22)/Are 'Friends' Electric? - 1998 Remaster (05:23)/The Machman - 1998 Remaster (03:08)/Praying to the Aliens - 1998 Remaster (04:00)/Down in the Park - 1998 Remaster (04:23)/You Are In My Vision - 1998 Remaster (03:14)/Replicas - 1998 Remaster (05:00)/It Must Have Been Years - 1998 Remaster (04:02)/When The Machines Rock - 1998 Remaster (03:15)/I Nearly Married a Human - 1998 Remaster (06:31)/Do You Need The Service? - 1998 Remaster (03:39)/The Crazies - 1998 Remaster (02:54)/Only A Downstat - 1998 Remaster (03:36)/We Have A Technical - 1998 Remaster (08:04)/We Are So Fragile - 1998 Remaster (02:55)/I Nearly Married A Human 2 - 1998 Remaster (06:38",https://i.scdn.co/image/ab67616d00001e02ee054e2ed150a33a2ad499a7
152Hw6E0tNz3EQNq9c1CDf,It's My Life,3.87,Album,1984,Dum Dum Girl - 1997 Remaster (03:50)/Such a Shame - 1997 Remaster (05:35)/Renee - 1997 Remaster (06:22)/It's My Life - 1997 Remaster (03:52)/Tomorrow Started - 1997 Remaster (05:58)/The Last Time - 1997 Remaster (04:23)/Call in the Night Boy - 1997 Remaster (03:47)/Does Caroline Know? - 1997 Remaster (04:30)/It's You - 1997 Remaster (04:42,https://i.scdn.co/image/ab67616d00001e02ed7b5f97f354c216f80d61da
152Nvg6gdt5P10J7KphMP0,Tanger Sessions,5.43,Album,2008-10-17,"Akaaboune's Homage (This Is The World - Not Your Country) (07:27)/Morock'n Roll (God Gave You Something Better Than Magic - Brain) (05:26)/Gun Factory (Heart You Missed It - Time Is A Wolf - That's Why There Are Wars) (06:51)/Fata Morgana (The Eagle Sits In The Cage - While The Chicken Are Watching TV) - Tangier Version (09:33)/Song 4 A Rainbow (Make Wars History) (07:20)/Truth Is The Only Religion (Nothing Ever Changes - Except Gods And Fashions) (08:15)/The World Is A Mirror (Show Yourself In It - And It Will Reflect Your Image) (07:27)/Morock'n Roll - Part II (Who Can't Dance Complains: "" The Floor Is Uneven! "" ) - Kasbah Version (03:12)/Gun Factory - Bonus: SingleEdit (02:47)/Fata Morgana - Bonus: Tangier - SingleEdit (03:37)/Morock'n Roll - Bonus: SingleEdit (03:23",https://i.scdn.co/image/ab67616d00001e020d2b61adceb60f8a961c1452
15BhyErNMCS96rXaeAkMre,Lament (2009 Remaster),133.1,Album,1984-04-06,"White China - 2009 Remaster (03:53)/One Small Day - 2009 Remaster (04:33)/Dancing with Tears in My Eyes - 2009 Remaster (04:40)/Lament - 2009 Remaster (04:41)/Man of Two Worlds - 2009 Remaster (04:28)/Heart of the Country - Instrumental (05:06)/When the Time Comes (I'll Cry...) - 2009 Remaster (04:57)/A Friend I Call Desire - 2009 Remaster (05:11)/One Small Day - Special Remix (07:51)/Easterly - 2009 Remaster (03:48)/Lament - Extended Mix (08:02)/One Small Day - Special Remix Extra (08:31)/Dancing with Tears in My Eyes - Special Remix (10:02)/Building - 2009 Remaster (03:11)/White China - Special Mix (08:23)/Heart of the Country - Instrumental (04:24)/One Small Day - Final Mix (07:45)/A Friend I Call Desire - Work in Progress Mix (05:39)/Lament - Work in Progress Mix (04:53)/Love's Great Adventure - Extended Version (05:40)/White China - Live at the Hammersmith Odeon, June 1984 (03:46)/Man of Two Worlds - Instrumental (04:31)/Heart of the Country - Special Remix (11:05",https://i.scdn.co/image/ab67616d00001e02c32a9b9f52a37875d00bbc51
16WkvHm6HnZTYBxzyNwhat,The Eclipse Sessions,3.93,Album,2018-10-12,Cry To Me (03:55)/All The Way To The River (04:30)/Aces Up Your Sleeve (03:21)/Poor Imitation Of God (02:57)/Nothing In My Heart (04:03)/Over The Hill (04:21)/Outrunning My Soul (03:43)/Hide Your Tears (03:15)/The Odds Of Loving You (04:05)/One Stiff Breeze (03:40)/Robber's Highway (04:24,https://i.scdn.co/image/ab67616d00001e02f6a0797b71a82e5b866d220b
1Bw3bHsQ9Xwlalhp4NjX1n,Mondi Lontanissimi (2008 Remastered Edition),18.54,Album,1985,Via Lattea - Remastered 2008 (04:52)/Risveglio Di Primavera - 2008 Remaster (03:32)/No Time No Space - Remastered (03:27)/Personal Computer - 2008 Remaster (02:41)/Temporary Road - 2008 Remaster (02:49)/Il Re Del Mondo - 1985 Version / 2008 Remaster (03:27)/Chan-Son Egocentrique - Remastered (04:13)/I Treni Di Tozeur - Remastered (03:09)/L'Animale - Remastered (03:19,https://i.scdn.co/image/ab67616d00001e02ffc0e1407e9dd9a938716ee7
1GOUMwPQw5xCizmD1Ixala,Pawn Hearts (Deluxe),45.16,Album,1971-10-05,Lemmings (Including Cog) - Remastered 2021 (11:36)/Man-Erg - Remastered 2021 (10:19)/A Plague Of Lighthouse Keepers - Remastered 2021 (23:04)/ManErg - Sounds Of The 70s Session / 1971 (11:09)/Theme One - Sounds Of The 70s Session / 1971 (02:56)/Vision - Sounds Of The 70s Session / 1971 (03:13)/Darkness - Sounds Of The 70s Session / 1971 (07:17)/Lemmings (Including Cog) - New Stereo Mix 2021 (11:39)/Man-Erg - New Stereo Mix 2021 (10:22)/A Plague Of Lighthouse Keepers - New Stereo Mix 2021 (23:17)/Theme One - New Stereo Mix 2021 (03:10)/W - New Stereo Mix 2021 (04:35,https://i.scdn.co/image/ab67616d00001e02527ee3d75970c28541f81b50
1Gre4E48EWeLgA4ffo5cve,Suonare Suonare,9.3,Album,1980-10-16,Suonare suonare (04:47)/Volo A Vela (04:26)/Si può fare (04:51)/Topolino (04:50)/Maestro della voce (05:34)/Sogno americano (04:08)/Bianco E Nero (05:46)/Tanti Auguri (04:05,https://i.scdn.co/image/ab67616d00001e02e68e5d60fc7be68e5a30f891
1HdBh84b1OlWsdhTIc6UDJ,Messa Arcaica,35.04,Album,1994-12-12,Messa Arcaica: Kyrie (14:30)/Messa Arcaica: Gloria (04:58)/Messa Arcaica: Credo (02:47)/Messa Arcaica: Sanctus (06:41)/Messa Arcaica: Agnus Dei (06:04,https://i.scdn.co/image/ab67616d00001e02728d8f73b5086df4796985ce
1INPNU4BLdbKeLQqcYTGnx,Music Complete,219.56,Album,2015-09-25,Restless (05:28)/Singularity (05:37)/Plastic (06:55)/Tutti frutti (06:22)/People on the High Line (05:41)/Stray Dog (06:17)/Academic (05:54)/Nothing but a Fool (07:43)/Unlearn This Hatred (04:19)/The Game (05:06)/Superheated (05:04,https://i.scdn.co/image/ab67616d00001e0260f1195a2312a742728b3f15
1IQqlJM5aYvoweGn0kLij8,Special Beat Service (Expanded) [2012 Remaster],3.57,Album,1982-10-01,I Confess - 2012 Remaster (04:30)/Jeanette - 2012 Remaster (02:47)/Sorry - 2012 Remaster (02:32)/Sole Salvation - 2012 Remaster (03:05)/Spar Wid Me - 2012 Remaster (04:30)/Rotating Head - 2012 Remaster (03:24)/Save It for Later - 2012 Remaster (03:33)/She's Going - 2012 Remaster (02:09)/Pato and Roger a Go Talk - 2012 Remaster (03:19)/Sugar and Stress - 2012 Remaster (02:55)/End of the Party - 2012 Remaster (03:29)/Ackee 1-2-3 - 2012 Remaster (03:11)/What's Your Best Thing - 2012 Remaster (03:47)/March of the Swivel Heads - 2012 Remaster (03:34)/Cool Entertainer - 2012 Remaster (03:33)/A Go Talk (Tappy Lappy Dub) - 2012 Remaster (08:38,https://i.scdn.co/image/ab67616d00001e022661a31b2ccad2da0e60cac4
1NeJ0QqKv002iYDiOCaUOA,Per Un Amico,13.13,Album,1972,Appena un po' (07:43)/Generale (04:18)/Per un amico (05:23)/Il banchetto (08:39)/Geranio (08:04,https://i.scdn.co/image/ab67616d00001e025fd82bdfb64208932d8b7bf7
1UQRYIgVBO9izI17mpoYOX,The Complete Albums,33.06,Compilation,2019-04-19,White Feathers (03:31)/Too Shy (03:41)/Lies & Promises (02:54)/Magician Man (03:41)/Kajagoogoo - Instrumental (03:12)/Ooh to Be Ah (03:35)/Ergonomics (03:13)/Hang On Now (03:23)/This Car Is Fast (03:32)/Frayo (04:18)/Too Shy - Instrumental Mix (04:02)/Take Another View (04:34)/Interview Rooms (03:25)/Animal Instincts (02:41)/Introduction (05:11)/Too Shy - Midnight Mix (05:45)/Ooh to Be Ah - The Construction Mix (06:34)/Hang On Now - Extended Version (06:20)/White Feathers - Manhattan Clique Remix Edit (03:51)/White Feathers - Manhattan Clique Remix Instrumental (06:14)/White Feathers - Manhattan Clique Remix (06:14)/The Lion's Mouth (03:36)/Big Apple (04:09)/The Power to Forgive (04:46)/Melting the Ice Away (05:18)/Turn Your Back On Me (04:01)/Islands (04:51)/On a Plane (04:13)/Part of Me Is You (03:57)/The Loop (04:42)/Turn Your Back On Me - Thompson & Barbiero US Mix (03:57)/The Pump Rooms of Bath (02:32)/The Garden - Instrumental (02:51)/Monochromatic - Live (04:10)/Big Apple - Metro Mix (06:05)/The Lion's Mouth - Beast Mix (05:39)/Turn Your Back On Me - Extended Mix (05:05)/Big Apple - 12' Extended Version (06:09)/Do I (03:28)/Shouldn't Do That (03:24)/Your Appetite (04:23)/Rivers (04:35)/Sit Down & Shut Up (03:55)/Afraid of You (03:52)/Jigsaw (03:52)/Fear of Falling (03:14)/Charm of a Gun (04:27)/You Really Take My Breath Away (04:56)/Shouldn't Do That - Disciplined Mix (07:00)/Shouldn't Do That - Undisciplined Mix (06:01,https://i.scdn.co/image/ab67616d00001e0256e8831ae0f27b51346919be
1XKas9POCVwPSp4f7sKY4Z,Cercando l'oro,39.1,Album,1992-01-01,Il libro (04:28)/La giostra (04:36)/L'acrobata (03:16)/Piano piano (04:32)/Natale (03:34)/Cercando l'oro (05:05)/L'isola (04:53)/Profumo d'arancio (03:21)/La volpe (04:19)/Ora che il giorno è finito (04:03,https://i.scdn.co/image/ab67616d00001e0239980976986038eb32dc1f57
1bt6q2SruMsBtcerNVtpZB,Rumours,3.35,Album,1977-02-04,Second Hand News - 2004 Remaster (02:56)/Dreams - 2004 Remaster (04:17)/Never Going Back Again - 2004 Remaster (02:14)/Don't Stop - 2004 Remaster (03:13)/Go Your Own Way - 2004 Remaster (03:43)/Songbird - 2004 Remaster (03:20)/The Chain - 2004 Remaster (04:29)/You Make Loving Fun - 2004 Remaster (03:33)/I Don't Want to Know - 2004 Remaster (03:16)/Oh Daddy - 2004 Remaster (03:56)/Gold Dust Woman - 2004 Remaster (04:55,https://i.scdn.co/image/ab67616d00001e0257df7ce0eac715cf70e519a7
1bzjjvsRKcbfaQc8XHJtvl,Waiting for the Sirens' Call,4.54,Album,2005-03-28,Who's Joe? - 2015 Remaster (05:43)/Hey Now What You Doing - 2015 Remaster (05:13)/Waiting for the Sirens' Call - 2015 Remaster (05:39)/Krafty - 2015 Remaster (04:32)/I Told You So - 2015 Remaster (05:57)/Morning Night and Day - 2015 Remaster (05:08)/Dracula's Castle - 2015 Remaster (05:37)/Jetstream (feat. Ana Matronic) - 2015 Remaster (05:20)/Guilt Is a Useless Emotion - 2015 Remaster (05:36)/Turn - 2015 Remaster (04:33)/Working Overtime - 2015 Remaster (03:27,https://i.scdn.co/image/ab67616d00001e026a6b514522142e1ffabd9101
1klALx0u4AavZNEvC4LrTL,The Beatles (Remastered),3.55,Album,1968-11-22,"Back In The U.S.S.R. - Remastered 2009 (02:43)/Dear Prudence - Remastered 2009 (03:55)/Glass Onion - Remastered 2009 (02:17)/Ob-La-Di, Ob-La-Da - Remastered 2009 (03:08)/Wild Honey Pie - Remastered 2009 (00:52)/The Continuing Story Of Bungalow Bill - Remastered 2009 (03:14)/While My Guitar Gently Weeps - Remastered 2009 (04:45)/Happiness Is A Warm Gun - Remastered 2009 (02:44)/Martha My Dear - Remastered 2009 (02:28)/I'm So Tired - Remastered 2009 (02:03)/Blackbird - Remastered 2009 (02:18)/Piggies - Remastered 2009 (02:04)/Rocky Raccoon - Remastered 2009 (03:33)/Don't Pass Me By - Remastered 2009 (03:50)/Why Don't We Do It In The Road? - Remastered 2009 (01:41)/I Will - Remastered 2009 (01:45)/Julia - Remastered 2009 (02:56)/Birthday - Remastered 2009 (02:43)/Yer Blues - Remastered 2009 (04:00)/Mother Nature's Son - Remastered 2009 (02:48)/Everybody's Got Something To Hide Except Me And My Monkey - Remastered 2009 (02:24)/Sexy Sadie - Remastered 2009 (03:15)/Helter Skelter - Remastered 2009 (04:29)/Long, Long, Long - Remastered 2009 (03:06)/Revolution 1 - Remastered 2009 (04:15)/Honey Pie - Remastered 2009 (02:41)/Savoy Truffle - Remastered 2009 (02:54)/Cry Baby Cry - Remastered 2009 (03:02)/Revolution 9 - Remastered 2009 (08:22)/Good Night - Remastered 2009 (03:13",https://i.scdn.co/image/ab67616d00001e024ce8b4e42588bf18182a1ad2
1lWlgCeOiQle6TZYYeUxFY,Nightingale,3.88,Album,1979-01-01,Sarará Miolo (04:50)/Goodbye My Girl (04:07)/Ella (03:49)/Here And Now (04:26)/Balafon (02:48)/Alapalá (The Myth Of Shango) (03:48)/Maracatu Atômico (04:24)/Move Along With Me (03:08)/Nightingale (03:53)/Samba de Los Angeles (03:20,https://i.scdn.co/image/ab67616d00001e02bda4a49d16d021a1314f5d71
1tlsJPpfTZA7Z9o091Ylkk,Big Generator,70.01,Album,1987-09-15,"Rhythm of Love (04:52)/Big Generator (04:33)/Shoot High, Aim Low (06:59)/Almost Like Love (05:00)/Love Will Find a Way (04:49)/Final Eyes (06:26)/I'm Running (07:37)/Holy Lamb (03:23",https://i.scdn.co/image/ab67616d00001e0262d739bbd67dc11b81785dc5
1uXol4dKqzMsUiqvHpwhZh,Close to the Edge (Super Deluxe Edition),4.22,Album,1972-09-08,"Close to the Edge: i. The Solid Time of Change, ii. Total Mass Retain, iii. I Get up I Get Down, iv. Seasons of Man - 2025 Remaster (18:43)/And You and I: i. Cord of Life, ii. Eclipse, iii. The Preacher the Teacher, iv. Apocalypse - 2025 Remaster (10:12)/Siberian Khatru - 2025 Remaster (08:57)/Close to the Edge: i. The Solid Time of Change, ii. Total Mass Retain, iii. I Get up I Get Down, iv. Seasons of Man - 2025 Steven Wilson Remix (18:42)/And You and I: i. Cord of Life, ii. Eclipse, iii. The Preacher the Teacher, iv. Apocalypse - 2025 Steven Wilson Remix (10:10)/Siberian Khatru - 2025 Steven Wilson Remix (09:11)/Close to the Edge: i. The Solid Time of Change, ii. Total Mass Retain, iii. I Get up I Get Down, iv. Seasons of Man (2025 Steven Wilson Remix) - Instrumental (18:42)/And You and I: i. Cord of Life, ii. Eclipse, iii. The Preacher the Teacher, iv. Apocalypse - Instrumental (10:10)/Siberian Khatru (2025 Steven Wilson Remix) - Instrumental (09:11)/America (Single Version) - 2025 Remaster (04:09)/Total Mass Retain (Single Version) - 2025 Remaster (03:18)/And You And I (Promo Radio Edit) - 2025 Remaster (03:26)/Siberia (Studio Run-Through of Siberian Khatru) - 2025 Remaster (09:18)/Close to the Edge: i. The Solid Time of Change, ii. Total Mass Retain, iii. I Get Up I Get Down, iv. Seasons of Man (Rough Mix) - 2025 Remaster (17:43)/And You and I: i. Cord of Life, ii. Eclipse, iii. The Preacher the Teacher, iv. Apocalypse (Alternate Version) - 2025 Remaster (10:16)/America - Dry Mix (10:30)/Siberian Khatru - 2025 Steven Wilson Edit (04:59)/Cord of Life - Steven Wilson Edit (02:38)/Total Mass Retain - Steven Wilson Edit (04:13)/Siberian Khatru - Live at The Rainbow, London, England, 12/16/1972 (09:01)/I've Seen All Good People: a. Your Move, b. All Good People - Live at The Rainbow, London, England, 12/16/1972 (07:08)/Heart of the Sunrise - Live at The Rainbow, London, England, 12/16/1972 (11:11)/And You and I: i. Cord of Life, ii. Eclipse, iii. The Preacher the Teacher, iv. Apocalypse - Live at The Rainbow, London, England, 12/16/1972 (09:28)/Close to the Edge: i. The Solid Time of Change, ii. Total Mass Retain, iii. I Get Up I Get Down, iv. Seasons of Man - Live at The Rainbow, London, England, 12/16/1972 (17:19)/Excerpts From The Six Wives of Henry VIII - Live at The Rainbow, London, England, 12/16/1972 (06:31)/Roundabout - Live at The Rainbow, London, England, 12/16/1972 (08:08)/Yours is No Disgrace - Live at The Rainbow, London, England, 12/16/1972 (11:36)/Starship Trooper: a. Life Seeker, b. Disillusion, c. Würm - Live at The Rainbow, London, England, 12/16/1972 (09:53",https://i.scdn.co/image/ab67616d00001e02593f4d2b1bcf28ac44459ddf
20dTbQRkxuOTkf3SFyaT2m,Discipline,12.88,Album,1981-09-22,Elephant Talk (04:42)/Frame By Frame (05:07)/Matte Kudasai (03:49)/Indiscipline (04:33)/Thela Hun Ginjeet (06:26)/The Sheltering Sky (08:22)/Discipline (05:13)/Matte Kudasai (alternate version) (03:52)/The Terrifying Tale of Thela Hun Ginjeet (08:03)/Studio Sessions (11:05,https://i.scdn.co/image/ab67616d00001e02ff2d2448a42a43c281b6f556
22yF4x7dMFKEhWiZEIZW14,Fade To Grey (Orchestral),8.62,Single,2014-10-24,Fade To Grey - Orchestral Version (05:52)/Fade To Grey (03:53)/Fade To Grey - Extended Version (08:37)/Fade To Grey - Extended Instrumental (08:37)/Fade To Grey - The Feliks Arrival Remix (06:35)/Fade To Grey - Orchestral Instrumental (05:52)/Fade To Grey - Orchestral Radio Version (03:45)/Fade To Grey - Orcapella (05:53)/Fade To Grey - Main Instrumental (03:53,https://i.scdn.co/image/ab67616d00001e0265ebb83cf9105c70fbd43810
23enz9nXJhH1BR1Rm5CzDJ,Zenyatta Mondatta (Remastered 2003),2.44,Album,1980-10-03,"Don't Stand So Close To Me (04:02)/Driven To Tears (03:20)/When The World Is Running Down, You Make The Best Of What's Still Around (03:36)/Canary In A Coalmine (02:26)/Voices Inside My Head (03:53)/Bombs Away (03:07)/De Do Do Do, De Da Da Da (04:07)/Behind My Camel (02:53)/Man In A Suitcase (02:18)/Shadows In The Rain (05:02)/The Other Way Of Stopping (03:22",https://i.scdn.co/image/ab67616d00001e02fb1bc65edf4717e75fbc70ab
2BqI2sjI4asmt5DZDBponl,DOLCE ACQUA,4.16,Album,1971,"Preludio (Paura) (03:56)/Movimento I (Egoismo) (04:40)/Movimento II - Dubbio (03:24)/To Satchmo, Bird and Other Unforgettable Friends (Dolore) (05:41)/Sequenza I e II (Ipocrisia - Verità) (03:37)/Johnnie Sayre (Il perdono) (04:57)/Favola o storia del lago di Kriss (Libertà) (04:22)/Dolce acqua (Speranza) (05:50)/Jesahel (04:09",https://i.scdn.co/image/ab67616d00001e0295dd02b1a55ab68e0b712a0f
2D8CcRGepgve8R5jL0BzWv,The Six Wives Of Henry VIII,3.79,Album,1973-01-01,Catherine Of Aragon (03:47)/Anne Of Cleves (07:55)/Catherine Howard (06:37)/Jane Seymour (04:50)/Anne Boleyn 'The Day Thou Gavest Lord Hath Ended' (06:36)/Catherine Parr (07:04,https://i.scdn.co/image/ab67616d00001e025fe16fe2b030b1b5b47bb4b2
2FJaS5kootX9CkS4DxL2eW,Still Life,17.93,Album,1976,"Pilgrims - 2005 Digital Remaster (07:11)/Still Life - 2005 Digital Remaster (07:24)/La Rossa - 2005 Digital Remaster (09:52)/My Room (Waiting For Wonderland) - 2005 Digital Remaster (08:03)/Childlike Faith In Childhood's End - 2005 Digital Remaster (12:38)/Gog - Live from Theatr Gwynedd, Bangor, U.K./1975; 2005 Digital Remaster (10:29",https://i.scdn.co/image/ab67616d00001e02223d126ac8d37456910cd61b
2HU7w9cB9NzKgSTLXUYCKe,Brotherhood,4.36,Album,1986,Paradise - 2024 Digital Master (03:51)/Weirdo - 2024 Digital Master (03:52)/As It Is When It Was - 2024 Digital Master (03:46)/Broken Promise - 2024 Digital Master (03:46)/Way of Life - 2024 Digital Master (04:08)/Bizarre Love Triangle - 2024 Digital Master (04:21)/All Day Long - 2024 Digital Master (05:12)/Angel Dust - 2024 Digital Master (03:43)/Every Little Counts - 2024 Digital Master (04:27)/State of the Nation - 2024 Digital Master (06:34,https://i.scdn.co/image/ab67616d00001e02aca260eaa9d5a051054215c3
2MrDi1gCFcd0sfGgjlTVz0,From Virgin To Quantum Years - Coventry Cathedral 22,22.68,Album,2026-06-05,Stratosfear - Live from Coventry Cathedral 2022 (10:26)/Betrayal Sorcerer Theme - Live from Coventry Cathedral 2022 (05:06)/Continuum - Live from Coventry Cathedral 2022 (07:08)/The Dream Is Always The Same - Live from Coventry Cathedral 2022 (03:54)/Raum - Live from Coventry Cathedral 2022 (07:22)/Love On A Real Train - Live from Coventry Cathedral 2022 (08:56)/You're Always On Time - Live from Coventry Cathedral 2022 (07:35)/Choronzon - Live from Coventry Cathedral 2022 (04:03)/Tangram Exerpt - Live from Coventry Cathedral 2022 (05:33)/Portico - Live from Coventry Cathedral 2022 (06:58)/Ricochet Piano Intro - Live from Coventry Cathedral 2022 (01:44)/Ricochet - Live from Coventry Cathedral 2022 (05:27)/White Eagle - Live from Coventry Cathedral 2022 (06:12)/Phaedra - Live from Coventry Cathedral 2022 (07:59)/Kiew Mission pt.01 - Live from Coventry Cathedral 2022 (06:00)/Kiew Mission pt.02 - Live from Coventry Cathedral 2022 (05:04)/Cloudburst Flight - Live from Coventry Cathedral 2022 (11:28)/Coventry Cathedral 22 Session pt. 01 - Live from Coventry Cathedral 2022 (07:34)/Coventry Cathedral 22 Session pt. 02 - Live from Coventry Cathedral 2022 (06:07)/Coventry Cathedral 22 Session pt. 03 - Live from Coventry Cathedral 2022 (07:20)/Coventry Cathedral 22 Session pt. 04 - Live from Coventry Cathedral 2022 (09:04)/Coventry Cathedral 22 Session pt. 05 - Live from Coventry Cathedral 2022 (03:34)/Coventry Cathedral 22 Session pt. 06 - Live from Coventry Cathedral 2022 (03:51,https://i.scdn.co/image/ab67616d00001e023b9dc31b1b877613a51f010e
2ODAEaYlqS88SU4ZZu1bI6,Singles (2016 Remaster),11.71,Compilation,2005-09-30,"Ceremony - Version 1; 2016 Remaster (04:38)/Procession - 2015 Remaster (04:30)/Everythings Gone Green - 7"" Version; 2015 Remaster (04:19)/Temptation - 7"" Version; 2015 Remaster (05:24)/Blue Monday - 2016 Remaster (07:30)/Confusion - UK 7"" Promo Edit; 2015 Remaster (04:09)/Thieves like Us - 7"" Promo Edit; 2015 Remaster (03:56)/The Perfect Kiss - 7"" Edit; 2015 Remaster (04:25)/Sub-culture - 7"" Edit; 2015 Remaster (03:26)/Shellshock - 7"" Edit; 2015 Remaster (04:24)/State of the Nation - 7"" Edit; 2015 Remaster (03:31)/Bizarre Love Triangle - 7"" Remix Edit; 2015 Remaster (03:45)/True Faith - 2015 Remaster (04:12)/Touched by the Hand of God - 7"" Edit; 2015 Remaster (03:43)/Blue Monday '88 - 2015 Remaster (04:11)/Fine Time - 7"" Version; 2015 Remaster (03:10)/Round & Round - 7"" Version; 2015 Remaster (04:00)/Run 2 - 7"" Remix Edit; 2015 Remaster (03:38)/World in Motion - 2015 Remaster (04:32)/Regret - 2015 Remaster (04:08)/Ruined in a Day - Radio Edit; 2015 Remaster (03:59)/World (The Price of Love) - Radio Edit; 2015 Remaster (03:42)/Spooky - 2015 Remaster (04:43)/Nineteen63 - Arthur Baker Radio Remix; 2015 Remaster (04:03)/Crystal - Radio Edit; 2015 Remaster (04:19)/60 Miles an Hour - Radio Edit; 2015 Remaster (03:48)/Here to Stay - Radio Edit; 2015 Remaster (03:56)/Krafty - Single Edit; 2015 Remaster (03:46)/Jetstream - Radio Edit; 2015 Remaster (03:45)/Waiting for the Sirens' Call - Rich Costey Radio Version; 2015 Remaster (03:51)/Turn - Stephen Street Edit; 2015 Remaster (04:12)/I'll Stay with You - 2015 Remaster (04:23",https://i.scdn.co/image/ab67616d00001e02f142205e336ec0af3e1a4eb0
2S9hNX05TJt2zKSSgDeNpd,You and Me Both,3.45,Album,1983-07-04,Nobody's Diary (04:32)/Softly Over (04:00)/Sweet Thing (03:43)/Mr Blue (03:27)/Good Times (04:29)/Walk Away from Love (03:20)/Ode to Boy (03:37)/Unmarked (03:36)/Anyone (03:26)/Happy People (02:59)/And On (03:13,https://i.scdn.co/image/ab67616d00001e02c8123387f350f336f1db34ca
2TYQWtfs7EwDOZE52Ni3AI,Branduardi canta Yeats - Dieci ballate su liriche di William Butler Yeats,5.47,Album,1986-01-01,"I cigni di Coole (05:28)/Il cappello a sonagli (04:04)/La canzone di Aengus, il vagabondo (04:16)/Il mantello, la barca e le scarpe (03:50)/A una bambina che danza nel vento (01:51)/Il violinista di Dooney (03:45)/Quando tu sarai (03:28)/Un aviatore irlandese prevede la sua morte (03:57)/Nel giardino dei salici (02:59)/Innisfree, l'isola sul lago (04:27",https://i.scdn.co/image/ab67616d00001e02c2e2c3154296ebbff73b17cc
2lWDphDAlgk8PNdODreJwv,6 6 6,11.78,Album,1971-01-01,"The System (00:23)/Babylon (02:47)/Loud, Loud, Loud (02:42)/The Four Horsemen (05:53)/The Lamb (04:34)/The Seventh Seal (01:30)/Aegian Sea (05:22)/Seven Bowls (01:28)/The Wakening Beast (01:11)/Lament (02:45)/The Marching Beast (02:00)/The Battle Of The Locusts (00:56)/Do It (01:44)/Tribulation (00:32)/The Beast (02:26)/Ofis (00:14)/Seven Trumpets (00:35)/Altamont (04:33)/The Wedding Of The Lamb (03:38)/The Capture Of The Beast (02:17)/00 - Infinity Symbol (05:15)/Hic And Nunc (02:55)/All The Seats Were Occupied (19:19)/Break (02:59",https://i.scdn.co/image/ab67616d00001e02a0292c98efda007877b76d04
2pTyJZOTqFYn2UPP30zZNl,Songs From A Room,3.48,Album,1969-03-24,"Bird on the Wire (03:28)/Story of Isaac (03:38)/A Bunch of Lonesome Heroes (03:18)/The Partisan (03:29)/Seems So Long Ago, Nancy (03:41)/The Old Revolution (04:50)/The Butcher (03:22)/You Know Who I Am (03:32)/Lady Midnight (03:01)/Tonight Will Be Fine (03:49",https://i.scdn.co/image/ab67616d00001e02cac88c4622e68b54f4420d93
2wWcTC2GHLEGLDlsnr5aYM,Replicas Redux,37.94,Album,2008-02-24,"Me, I Disconnect from You (03:22)/Are 'Friends' Electric? (05:25)/The Machman (03:08)/Praying to the Aliens (04:00)/Down in the Park (04:24)/You Are in My Vision (03:14)/Replicas (05:00)/It Must Have Been Years (04:02)/When the Machines Rock (03:15)/I Nearly Married a Human (06:31)/We Are So Fragile (02:55)/Do You Need the Service? (03:39)/I Nearly Married a Human (2) (06:38)/Me, I Disconnect from You - Early Version (03:24)/Are 'Friends' Electric? - Early Version (05:27)/The Machman - Early Version (03:11)/Praying to the Aliens - Early Version (04:05)/Down in the Park - Early Version (04:23)/Do You Need the Service? - Early Version (03:39)/Only a Downstat (03:35)/We Have a Technical (08:00)/You Are in My Vision - Early Version (03:22)/Replicas - Early Version (05:01)/It Must Have Been Years - Early Version (04:03)/When the Machines Rock - Early Version (03:15)/The Crazies (02:54)/I Nearly Married a Human 3 - Early Version (06:25",https://i.scdn.co/image/ab67616d00001e02cce831fed7721cca599c8215
2xEeSf4j9XsAAI15co5cNh,Black Celebration (Deluxe),5.31,Album,1986-03-17,"Black Celebration (04:56)/Fly On the Windscreen (Final) (05:18)/A Question of Lust (04:23)/Sometimes (01:54)/It Doesn't Matter Two (02:51)/A Question of Time (04:09)/Stripped (04:17)/Here Is the House (04:16)/World Full of Nothing (02:48)/Dressed In Black (02:34)/New Dress (03:46)/Black Celebration - Live - Birmingham N.E.C - April 10, 1986 (06:06)/A Question of Time - Live - Birmingham N.E.C - April 10, 1986 (04:33)/Stripped - Live - Birmingham N.E.C - April 10, 1986 (06:30)/Shake the Disease (04:48)/Flexible (03:12)/It's Called a Heart (03:50)/Fly On the Windscreen (05:05)/But Not Tonight (04:17)/Breathing In Fumes (06:06)/Black Day (02:40)/Christmas Island (04:53",https://i.scdn.co/image/ab67616d00001e02878ae6fc96ee5954168838fc
32QIAykZFP3GI8Q5QqoNCD,Construction Time Again (Deluxe),8.46,Album,1983-08-22,"Love, In Itself (04:29)/More Than a Party (04:45)/Pipeline (05:54)/Everything Counts (04:21)/Two Minute Warning (04:13)/Shame (03:51)/The Landscape Is Changing (04:48)/Told You So (04:27)/And Then... (04:39)/Everything Counts (Reprise) (00:59)/Get the Balance Right! (03:14)/The Great Outdoors! (05:03)/Work Hard (04:22)/Fools (04:15)/Get the Balance Right! - Combination Mix (07:58)/Everything Counts - In Larger Amounts (07:20)/Love In Itself.4 - The Lounge Version (04:39",https://i.scdn.co/image/ab67616d00001e028506825f0fb6abd2cd167fe1
33qkK1brpt6t8unIpeM2Oy,Unknown Pleasures (Collector's Edition),8.27,Album,1979-06-01,"Disorder - 2007 Remaster (03:29)/Day of the Lords - 2007 Remaster (04:47)/Candidate - 2007 Remaster (03:07)/Insight - 2007 Remaster (04:26)/New Dawn Fades - 2007 Remaster (04:51)/She's Lost Control - 2007 Remaster (03:57)/Shadowplay - 2007 Remaster (03:53)/Wilderness - 2007 Remaster (02:40)/Interzone - 2007 Remaster (02:17)/I Remember Nothing - 2007 Remaster (05:55)/Dead Souls - The Factory, Manchester Live 11 April 1980 (04:25)/The Only Mistake - The Factory, Manchester Live 11 April 1980 (04:12)/Insight - The Factory, Manchester Live 11 April 1980 (03:52)/Candidate - The Factory, Manchester Live 11 April 1980 (02:07)/Wilderness - The Factory, Manchester Live 11 April 1980 (02:31)/She's Lost Control - The Factory, Manchester Live 11 April 1980 (03:47)/Shadowplay - The Factory, Manchester Live 11 April 1980 (03:34)/Disorder - The Factory, Manchester Live 11 April 1980 (03:28)/Interzone - The Factory, Manchester Live 11 April 1980 (02:05)/Atrocity Exhibition - The Factory, Manchester Live 11 April 1980 (06:14)/Novelty - The Factory, Manchester Live 11 April 1980 (04:28)/Transmission - The Factory, Manchester Live 11 April 1980 (03:49",https://i.scdn.co/image/ab67616d00001e0216eb1e685e6bd37ab3228de6
37ZVvmVPYFCyaDdNZaSRof,Hungry People,9.32,Album,2012-10-16,"Shrilling Chicken (04:09)/When The Dog Bites (05:09)/A Better Tomorrow (06:40)/Banker's Banquet (05:27)/Dreams Of A Dying City (05:34)/Fish And Chips And Mushy Peas (04:42)/Hats And Cravats (06:07)/When Frankie Shot Lara (06:29)/If You Should Leave Me (07:01)/Shaving Is Boring, Waxing Is Painful (04:46",https://i.scdn.co/image/ab67616d00001e025d113ab92da77b80f839ef1f
3AQgdwMNCiN7awXch5fAaG,Remain in Light (Deluxe Version),4.55,Album,1980-10-08,Born Under Punches (The Heat Goes On) - 2005 Remaster (05:49)/Crosseyed and Painless - 2005 Remaster (04:45)/The Great Curve - 2005 Remaster (06:27)/Once in a Lifetime - 2005 Remaster (04:19)/Houses in Motion - 2005 Remaster (04:33)/Seen and Not Seen - 2005 Remaster (03:24)/Listening Wind - 2005 Remaster (04:42)/The Overload - 2005 Remaster (06:02)/Fela's Riff - Unfinished Outtake (05:16)/Unison - Unfinished Outtake (04:46)/Double Groove - Unfinished Outtake (04:24)/Right Start - Unfinished Outtake (04:07,https://i.scdn.co/image/ab67616d00001e02e56fa8c916dc6ce419dcf557
3BSOiAas8BpJOii3kCPyjV,Vs.,4.25,Album,1993-10-19,Go - Remastered (03:12)/Animal - Remastered (02:48)/Daughter - Remastered (03:55)/Glorified G - Remastered (03:26)/Dissident - Remastered (03:34)/W.M.A. - Remastered (05:58)/Blood - Remastered (02:50)/Rearviewmirror - Remastered (04:43)/Rats - Remastered (04:15)/Elderly Woman Behind the Counter in a Small Town - Remastered (03:16)/Leash - Remastered (03:08)/Indifference - Remastered (05:08)/Hold On - bonus track (04:40)/Cready Stomp - bonus track (03:22)/Crazy Mary - Remastered (05:37,https://i.scdn.co/image/ab67616d00001e023cd811ba3d8e0b67feb08e75
3FKhxgSZdtJBIjdHsjbxI0,No Code,4.05,Album,1996-08-27,"Sometimes (02:40)/Hail, Hail (03:41)/Who You Are (03:50)/In My Tree (03:58)/Smile (03:51)/Off He Goes (06:02)/Habit (03:35)/Red Mosquito (04:02)/Lukin (01:02)/Present Tense (05:45)/Mankind (03:28)/I'm Open (02:57)/Around the Bend (04:37",https://i.scdn.co/image/ab67616d00001e020ebb30b4d3285b3017cc225b
3FVsJiQMI7dp0RfTBdWtMW,Skylarking,3.33,Album,1986,"Summer's Cauldron - Remastered 2001 (03:19)/Grass - Remastered 2001 (03:05)/The Meeting Place - Remastered 2001 (03:14)/That's Really Super, Supergirl - Remastered 2001 (03:21)/Ballet For A Rainy Day - Remastered 2001 (02:50)/1000 Umbrellas - Remastered 2001 (03:44)/Season Cycle - Remastered 2001 (03:21)/Earn Enough For Us - Remastered 2001 (02:53)/Big Day - Remastered 2001 (03:32)/Another Satellite - Remastered 2001 (04:15)/Mermaid Smiled - Remastered 2001 (02:26)/The Man Who Sailed Around His Soul - Remastered 2001 (03:24)/Dying - Remastered 2001 (02:31)/Sacrificial Bonfire - Remastered 2001 (03:49)/Dear God - Remastered 2001 (03:39",https://i.scdn.co/image/ab67616d00001e02fc44899bcbe64d27e5977512
3Fwvk0okeHHvxT5s90mK8T,Force Majeure (Remastered 2018 / Deluxe Version),45.15,Album,1979-02-01,Force Majeure (18:20)/Cloudburst Flight (07:28)/Thru Metamorphic Rocks (14:34)/Chimes And Chains (04:45,https://i.scdn.co/image/ab67616d00001e02787621c61a6dd13f8911f0cd
3KFWViJ1wIHAdOVLFTVzjD,Non-Stop Erotic Cabaret,5.12,Compilation,1981,"Frustration (04:11)/Tainted Love (02:33)/Seedy Films (05:04)/Youth (03:14)/Sex Dwarf - Original Version (05:16)/Entertain Me (03:34)/Chips On My Shoulder - Original Version (04:06)/Bedsitter (03:35)/Secret Life (03:36)/Say Hello, Wave Goodbye - 7"" Single Version (05:23)/Where Did Our Love Go? (03:13)/Memorabilia - Single Version (04:48)/Facility Girls (02:21)/Fun City (07:44)/Torch - Original 7"" Single Version (04:08)/Insecure Me - Edit (04:38)/What? (02:50)/So (03:49",https://i.scdn.co/image/ab67616d00001e0249c982dae436bac27c336f45
3OVjVda1JGC0lEvWHD6XSX,The Art Of Falling Apart,12.12,Compilation,1983,Forever The Same (05:02)/Where The Heart Is - Single Version (04:32)/Numbers - Single / Original Version (04:57)/Heat (06:13)/Kitchen Sink Drama (03:54)/Baby Doll (06:44)/Loving You Hating Me (04:19)/The Art Of Falling Apart (05:01)/Hendrix Medley (10:22)/Martin (10:13)/Barriers (07:04)/It's A Mug's Game (08:15,https://i.scdn.co/image/ab67616d00001e024ac95fe67fb385b32549c9c6
3QD7rcprpyoMnSHnX2UDhE,Il Vuoto,18.51,Album,2007-01-01,Il Vuoto (03:34)/I Giorni Della Monotonia (03:16)/Aspettando L'Estate (03:33)/Niente E' Come Sembra (03:35)/Tiepido Aprile (03:15)/The Game Is Over (04:36)/Era L'Inizio Della Primavera (03:03)/Io Chi Sono? (03:33)/Stati Di Gioia (04:49)/Il Vuoto - Heavy Mental Mix (04:32)/Come Away Death (02:22,https://i.scdn.co/image/ab67616d00001e020e951cdb9ac640d379def05a
3UNXsFe9kpKxRaKE1hG7TD,L'apocalypse des animaux (Remastered),35.19,Compilation,1973-01-01,Apocalypse des animaux - Générique - Remastered (01:28)/La petite fille de la mer - Remastered (05:54)/Le singe bleu - Remastered (07:40)/La mort du loup - Remastered (03:05)/L'ours musicien - Remastered (01:05)/Création du monde - Remastered (10:01)/La mer recommencée - Remastered (05:54,https://i.scdn.co/image/ab67616d00001e02b2b4c7a5658490324b29a28f
3YCeIVsJirFBMssKtX46Yg,New Gold Dream (81/82/83/84),5.65,Album,1982-07-15,Someone Somewhere (In Summertime) (04:37)/Colours Fly And Catherine Wheel - Remastered 2002 (03:49)/Promised You A Miracle - Remastered 2002 (04:27)/Big Sleep - Remastered 2002 (05:00)/Somebody Up There Likes You - Remastered 2002 (05:02)/New Gold Dream (81/82/83/84) - Remastered 2002 (05:38)/Glittering Prize - Remastered 2002 (04:33)/Hunter And The Hunted - Remastered 2002 (05:54)/King Is White And In The Crowd - Remastered 2002 (07:03,https://i.scdn.co/image/ab67616d00001e021da33684e8cae6efc7ed8627
3bV0ucrpo1ZFBowxXeMilJ,Joe Patti's Experimental Group,74.71,Album,2014-09-16,Leoncavallo (05:40)/Le Voci Si Faranno Presenze (02:11)/Klavier (02:10)/Omaggio A Giordano Bruno (02:34)/Come Un Branco Di Lupi (06:20)/The Implicate Order (04:59)/Nel Cosmo (00:55)/CERN (04:50)/Nuba (01:23)/L'Isola Elefante (04:53)/Proprietà Proibita (04:06,https://i.scdn.co/image/ab67616d00001e020193e0cecd77f1c6e2dfdf07
3bv61FtZROBfEagLwmds3I,Remixes 81>04,35.379999999999995,Compilation,2004-10-25,"Never Let Me Down Again - Split Mix (09:30)/Policy of Truth - Capitol Mix (08:00)/Shout! - Rio Mix (07:31)/Home - Air ""Around the Golf"" Remix (03:55)/Strangelove - Blind Mix (06:33)/Rush - Spiritual Guidance Mix (05:26)/I Feel You - Renegade Soundwave Afghan Surgery Mix (04:57)/Barrel of a Gun - Underworld Hard Mix (09:36)/Route 66 - Beatmasters Mix (06:18)/Freelove - DJ Muggs Remix (04:23)/I Feel Loved - Chamber's Remix (06:16)/Just Can't Get Enough - Schizo Mix (06:46)/Personal Jesus - Pump Mix (07:46)/World In My Eyes - Mode to Joy (06:28)/Get the Balance Right! - Combination Mix (07:55)/Everything Counts - Absolut Mix (06:02)/Breathing In Fumes (06:05)/Painkiller - Kill The Pain Mix (06:29)/Useless - The Kruder + Dorfmeister Session (09:05)/In Your Room - The Jeep Rock Mix (06:19)/Dream On - Dave Clarke Acoustic Version (04:24)/It's No Good - Speedy J Mix (05:01)/Master and Servant - An On-Usound Science Fiction Dance Hall Classic (04:35)/Enjoy the Silence - Timo Maas Extended Remix (08:43)/A Question of Lust - Remix (05:09)/Walking in My Shoes - Random Carpet Mix Full Length (08:36)/Are People People? (04:28)/World In My Eyes - Daniel Miller Mix (04:37)/I Feel Loved - Danny Tenaglia's Labor Of Love Dub Edit (11:22)/It's No Good - Club 69 Future Mix (08:50)/Photographic - Rex The Dog Dubb Mix (06:20)/Little 15 - Ulrich Schnauss Remix (04:51)/Nothing - Headcleanr Rock Mix (03:30)/Lie To Me - 'The Pleasure Of Her Private Shame' Remix By LFO (06:35)/Clean - Colder Version (07:11)/Halo - Goldfrapp Remix (04:23)/Enjoy The Silence 2004 (03:33",https://i.scdn.co/image/ab67616d00001e02973fdd8d39405b46e70f0e61
3ce3OUOJdhe09xmsBv9eIv,Sidi,7.449999999999999,Album,2004-07-01,Sidi (03:36)/Gourara (03:50)/Afrobahia (04:42)/Ghaddar (03:52)/El Bareh (06:05)/Walah Walah (02:53)/Ca Bouge (04:28)/Water (05:01)/Hambra (04:26)/Baraka (04:17)/Helena (06:05,https://i.scdn.co/image/ab67616d00001e0218635472d00f04cf2d65883e
3gMzGxXgstsEZEfjdsIwnM,The Collection,8.82,Album,1984-11-02,Dancing with Tears in My Eyes (04:04)/Hymn (04:27)/The Thin Wall (04:26)/The Voice (04:24)/Vienna - Single Version (04:42)/Passing Strangers (03:51)/Sleepwalk (03:13)/Reap the Wild Wind (03:43)/All Stood Still (03:42)/Visions in Blue (04:15)/We Came to Dance (04:06)/One Small Day (04:29)/Love's Great Adventure (03:08)/Lament (04:19,https://i.scdn.co/image/ab67616d00001e02b93f4b305362bec903d41e3b
3ka6eg73IDCDYhhrlZHpUb,Upstairs at Eric’s,26.46,Album,1982-07-01,"Don't Go (03:08)/Too Pieces (03:13)/Bad Connection (03:20)/Midnight (04:21)/In My Room (03:52)/Only You (03:14)/Goodbye 70's (02:34)/Tuesday (03:22)/Winter Kills (04:05)/Bring Your Love Down (Didn't I) (04:39)/The Other Side of Love - Remixed Extended Version (05:21)/Situation - 12"" Remix (05:45",https://i.scdn.co/image/ab67616d00001e029d6e136c3a0298fb0c53abea
3suXBde2fATz1UzA6f7UoA,Oranges & Lemons,48.03,Album,1989-02-27,Garden Of Earthly Delights - 2001 Remaster (05:03)/Mayor Of Simpleton - 2001 Remaster (03:58)/King For A Day - 2001 Remaster (03:37)/Here Comes President Kill Again - 2001 Remaster (03:35)/The Loving - 2001 Remaster (04:11)/Poor Skeleton Steps Out - 2001 Remaster (03:33)/One Of The Millions - 2001 Remaster (04:36)/Scarecrow People - 2001 Remaster (04:13)/Merely A Man - 2001 Remaster (03:27)/Cynical Days - 2001 Remaster (03:17)/Across This Antheap - 2001 Remaster (04:51)/Hold Me My Daddy - 2001 Remaster (03:47)/Pink Thing - 2001 Remaster (03:48)/Miniature Sun - 2001 Remaster (03:57)/Chalkhills And Children - 2001 Remaster (04:57,https://i.scdn.co/image/ab67616d00001e0220705e53681ce2ba6ae030c4
3tZmzx3Og386HMV4vp4Dli,Caffé De La Paix (2008 Remastered Edition),7.87,Album,1993,Caffè De La Paix - 2008 Remaster (04:26)/Fogh In Nakhal - 2008 Remaster (03:33)/Atlantide - 2008 Remaster (03:58)/Sui Giardini Della Preesistenza - 2008 Remaster (03:48)/Delenda Carthago - 2008 Remaster (03:59)/Ricerca Sul Terzo - 2008 Remaster (03:59)/Lode All'Inviolato - 2008 Remaster (03:53)/Haiku - 2008 Remaster (03:49,https://i.scdn.co/image/ab67616d00001e028c707393dba48b53f935fd9e
3ufengaW3vyb1zP9O1c15n,The Plan,3.34,Album,1984-09-16,That's Too Bad (03:20)/Oh! Didn't I Say (02:16)/Out of Sight - Remastered (03:28)/Bombers - Remastered (03:53)/My Shadow in Vain - Remastered (04:05)/This Machine - Remastered (03:56)/Thoughts No. 2 - Remastered (03:25)/Something's in the House - Remastered (04:06)/Check It - Remastered (03:35)/The Monday Troop - Remastered (02:58)/This Is My Life - Remastered (02:16)/Mean Street - Remastered (03:15)/Ice - Remastered (02:16)/Crime of Passion - Remastered (03:35)/The Life Machine - Remastered (01:52)/Critics - Remastered (01:51)/Do Your Best - Remastered (02:32)/Basic J. - Remastered (02:51)/That's Too Bad - Remastered (03:17)/Bombers (03:52)/Blue Eyes (01:44)/O.D. Receiver (02:38)/Fadeout 1930 - Remastered (03:13)/Don't Be a Dummy - Remastered (00:30,https://i.scdn.co/image/ab67616d00001e0241425ee3f80eb2e6afcc683b
3vHxkAyC36Bi581ZUysCtZ,La Voce Del Padrone (Remastered 2021),4.78,Album,1981,Summer On A Solitary Beach - Remastered 2021 (04:57)/Bandiera Bianca - Remastered 2021 (05:22)/Gli Uccelli - Remastered 2021 (04:46)/Cuccurucucù - Remastered 2021 (04:14)/Segnali Di Vita - Remastered 2021 (03:41)/Centro Di Gravità Permanente - Remastered 2021 (03:59)/Sentimiento Nuevo - Remastered 2021 (04:18,https://i.scdn.co/image/ab67616d00001e020ee9f0fa1c9d0c93d7344ed9
43NKBSjVM1MKR4PmrJsXQe,Remix.ed 2.0 - A New World Odyssey,6.3,Album,2003-06-06,Dreamcatcher (Tricatel Mix) (06:33)/Shine On Me (United Future Organization Mix) (07:59)/Open Up Your Eyes (Rogall Mix) (06:58)/The World Is Like A Mirror (Weathertunes Mix) (05:16)/Lobster Song (Eastenders Mix) (05:38)/Lanka's Odyssey (Ravi Bals Mix) (05:35)/Babylon 6 AM (Jean-Michel Mix) (05:04)/Fata Morgana (Deep-Dive-Corp Mix) (06:18)/Inshallah (Solar Moon Mix) (07:25)/Desert Sunrise (Path Of Rhythm Mix) (07:07,https://i.scdn.co/image/ab67616d00001e023ce61a21408f583f8cca95e0
45YmvYK4hB4CgQgTMuNRm8,Violator,35.85,Album,1990-03-19,World In My Eyes (04:26)/Sweetest Perfection (04:43)/Personal Jesus (04:55)/Halo (04:30)/Waiting for the Night (06:07)/Enjoy the Silence (06:12)/Policy of Truth (04:55)/Blue Dress (05:38)/Clean (05:33,https://i.scdn.co/image/ab67616d00001e02e2b1de6eadee18a2022e1dd0
47fRf3JwriMUPPzFjdvNS6,Please: Further Listening 1984 - 1986 (2018 Remaster),9.54,Album,1986-03-24,"Two Divided by Zero - 2018 Remaster (03:34)/West End Girls - 2018 Remaster (04:45)/Opportunities (Let's Make Lots of Money) - 2018 Remaster (03:43)/Love Comes Quickly - 2018 Remaster (04:19)/Suburbia - 2018 Remaster (05:07)/Opportunities (Let's Make Lots of Money) - Reprise; 2018 Remaster (00:33)/Tonight Is Forever - 2018 Remaster (04:30)/Violence - 2018 Remaster (04:29)/I Want a Lover - 2018 Remaster (04:05)/Later Tonight - 2018 Remaster (02:49)/Why Don't We Live Together? - 2018 Remaster (04:50)/A Man Could Get Arrested - 12"" B-Side; 2018 Remaster (04:10)/Opportunities (Let's Make Lots of Money) - Full Length 7"" Mix; 2018 Remaster (04:37)/In the Night - 2018 Remaster (04:50)/Opportunities (Let's Make Lots of Money) - 12"" Mix; 2018 Remaster (07:00)/Why Don't We Live Together? - Original New York Mix; 2018 Remaster (05:14)/West End Girls - Dance Mix; 2018 Remaster (06:39)/A Man Could Get Arrested - 7"" B-Side; 2018 Remaster (04:51)/Love Comes Quickly - Dance Mix; 2018 Remaster (06:50)/That's My Impression - Disco Mix; 2018 Remaster (05:19)/Was That What It Was? - 2018 Remaster (05:17)/Suburbia (The Full Horror) - 2018 Remaster (08:58)/Jack the Lad - 2018 Remaster (04:32)/Paninaro - Italian Remix; 2018 Remaster (08:39",https://i.scdn.co/image/ab67616d00001e023540f5cb8e1e7a54125f84db
47hOpZQfXVIRzTiv0Ef8pO,Let It Bleed (50th Anniversary Edition / Remastered 2019),4.2,Album,1969-12-05,Gimme Shelter - Remastered 2019 (04:30)/Love In Vain - Remastered 2019 (04:19)/Country Honk - Remastered 2019 (03:07)/Live With Me - Remastered 2019 (03:33)/Let It Bleed - Remastered 2019 (05:27)/Midnight Rambler - Remastered 2019 (06:52)/You Got The Silver - Remastered 2019 (02:50)/Monkey Man - Remastered 2019 (04:11)/You Can't Always Get What You Want - Remastered 2019 (07:30,https://i.scdn.co/image/ab67616d00001e025d04cbd61b29f13f2630779c
49WbUhzzdloagcrZKn0LhB,"Raï, the Gold Collection",5.58,Compilation,1960-01-01,Chabrassi (05:27)/Hagda (03:30)/Ha mama (05:50)/France orient express (05:28)/Hadi hadi (05:43)/Hanari (05:29)/Yam'safer (04:23)/Oulili (03:35)/El ghorba (04:46)/Zina (04:36)/Prophète (05:34)/Ena maghnaoui (04:33)/Guelou ness (03:30)/Salam (05:13)/Diri l'aed (06:44)/Malika (07:50)/Taila (06:09)/Sid eghmine (04:35)/Fe trig (04:49)/Ti sbabi (05:51)/Ech hale nebghik (05:42)/Ana ouelah ghir (05:38)/Nsalfik (06:48)/Lala sadia (05:35)/Aslek (03:21)/Talbek madani (06:43)/Hohoho lala (05:41)/Gouli rani nebghik (04:51)/Bellah ya benel ourchane (04:13,https://i.scdn.co/image/ab67616d00001e02ea5f2674cdc7ce3f8c4d698d
49eDZSAR7As1J68vvKNCVI,Extended,48.93,Album,2018-11-16,All Stood Still - Extended Version 2018 Remaster (05:06)/I Never Wanted to Begin - Extended Version 2018 Remaster (06:18)/Reap the Wild Wind - Extended Version 2018 Remaster (04:43)/We Came to Dance - Unedited Extended Version 2018 Remaster (08:00)/One Small Day - Special Re-Mix 2018 Remaster (07:50)/One Small Day - Special Re-Mix Extra 2018 Remaster (08:31)/White China - Special Re-Mix 2018 Remaster (08:23)/Dancing with Tears in My Eyes - Special Re-Mix 2018 Remaster (09:59)/Dancing with Tears in My Eyes - US Extended Re-Mix (07:43)/One Small Day - US Club Version 2018 Remaster (07:43)/Lament - Extended Version 2018 Remaster (08:03)/Heart of the Country - Special Re-Mix 2018 Remaster (11:03)/Love's Great Adventure - Extended Version 2018 Remaster (05:42)/One Small Day - Final Mix 2018 Remaster (07:38)/Serenade - Special Re-Mix 2018 Remaster (06:03)/Same Old Story - Extended Version 2018 Remaster (06:59)/All Fall Down - Extended Version 2018 Remaster (07:40)/Brilliant - Blank & Jones Extended Remix 2018 Remaster (07:03)/Brilliant - Blank & Jones Club Mix 2018 Remaster (06:34)/Brilliant - Blank & Jones US Club Mix 2018 Remaster (06:48,https://i.scdn.co/image/ab67616d00001e0288804e3349218978e1b46af9
4Eehb4n9LSXFDVD9nuTgCZ,Splinter (Songs from a Broken Mind),9.08,Album,2013-10-14,I Am Dust (04:08)/Here in the Black (04:56)/Everything Comes Down to This (04:39)/The Calling (04:33)/Splinter (05:26)/Lost (04:42)/Love Hurt Bleed (04:52)/A Shadow Falls on Me (03:07)/Where I Can Never Be (03:46)/We're the Unforgiven (05:22)/Who Are You (03:45)/My Last Day (05:30,https://i.scdn.co/image/ab67616d00001e025301e9d9882411bc11214128
4HFohweHxrMPrLjW2wkBdn,Get Ready,25.63,Album,2001-06-18,Crystal (06:50)/60 Miles an Hour (04:34)/Turn My Way (05:05)/Vicious Streak (05:40)/Primitive Notion (05:43)/Slow Jam (04:52)/Rock the Shack (04:12)/Someone like You (05:42)/Close Range (04:13)/Run Wild (03:56,https://i.scdn.co/image/ab67616d00001e029ffe88ba6a9ab6dbfa0131ab
4ImduskVsyjt7pAc4S8pQI,Tainted Love / Where Did Our Love Go? E.P.,4.02,Single,2024-02-23,"Tainted Love (02:39)/Where Did Our Love Go? - 7"" Single Version / Remastered 2023 (03:13)/Tainted Love / Where Did Our Love Go? - Extended Version (08:57)/Tainted Dub / Where Did Our Love Go? (09:14)/Tainted Love / Where Did Our Love Go? - US Radio Edit (04:00)/Tainted Love - Dave Ball 2021 Extended Mix (05:04)/Tainted Love - 2023 Version (03:01)/Tainted Love - Instrumental (03:01",https://i.scdn.co/image/ab67616d00001e0207967914cc067e1b48d53107
4JLLAw7R40SnvwkUt9B63N,Tinderbox,3.86,Compilation,1986-04-21,"Candyman (03:44)/Sweetest Chill (04:07)/This Unrest (06:21)/Cities In Dust (03:51)/Cannons (03:14)/Party's Fall (04:56)/92° (06:02)/Lands End (06:06)/Cities In Dust - Extended Version (06:49)/Sweetest Chill - Chris Kimsey 12"" Version (05:54)/Song From The Edge Of The World - 12"" version (03:59)/Starcrossed Lovers (04:07",https://i.scdn.co/image/ab67616d00001e020218ad99207f343b1f8087c9
4RD4REp6RE2kVZ96Uf1TgB,Giubbe Rosse (Deluxe 30th Anniversary Live & Remastered Edition / Remastered 2020),3.57,Album,1989,Giubbe Rosse - Remastered 2020 (04:14)/Alexander Platz - Live 1988 / Remastered 2020 (03:23)/Lettera Al Governatore Della Libia - Live 1988 / Remastered 2020 (03:26)/Mesopotamia - Live 1988 / Remastered 2020 (04:23)/L'Era Del Cinghiale Bianco - Live 1988 / Remastered 2020 (03:37)/Un'Altra Vita - Live 1988 / Remastered 2020 (03:00)/Voglio Vederti Danzare - Live 1988 / Remastered 2020 (03:24)/Oceano Di Silenzio - Live 1988 / Remastered 2020 (04:25)/Sequenze E Frequenze - Live 1988 / Remastered 2020 (07:05)/Aria Di Rivoluzione - Live 1988 / Remastered 2020 (03:34)/No U Turn - Live 1988 / Remastered 2020 (04:24)/Summer On A Solitary Beach - Live 1988 / Remastered 2020 (03:30)/Cuccurucucù - Live 1988 / Remastered 2020 (02:58)/Centro Di Gravità Permanente - Live 1988 / Remastered 2020 (03:53)/Gli Uccelli - Live 1988 / Remastered 2020 (04:43)/E Ti Vengo A Cercare - Live 1988 / Remastered 2020 (03:57)/Casaca Roja - Remastered 2020 / Bonus Track (04:16)/Alexander Platz - Spanish Version / Live 1988 / Remastered 2020 / Bonus Track (03:19)/Carta Al Gobernator De Libia - Live 1988 / Remastered 2020 / Bonus Track (03:17,https://i.scdn.co/image/ab67616d00001e02554a20c25a51b6d57c2d489d
4S6y2iTYbGONSlNJHYyrVl,Drums And Wires,32.22,Album,1979-08-17,Making Plans For Nigel (04:13)/Helicopter - 2001 Digital Remaster (03:54)/Day In Day Out - 2001 Digital Remaster (03:08)/When You're Near Me I Have Difficulty - 2001 Digital Remaster (03:22)/Ten Feet Tall - 2001 Digital Remaster (03:16)/Roads Girdle The Globe - 2001 Digital Remaster (04:50)/Reel By Reel - 2001 Digital Remaster (03:47)/Millions - 2001 Digital Remaster (05:39)/That Is The Way - 2001 Digital Remaster (02:56)/Outside World - 2001 Digital Remaster (02:41)/Scissor Man - 2001 Digital Remaster (04:00)/Complicated Game - 2001 Digital Remaster (05:04)/Life Begins At The Hop - Remastered 2001 (03:49)/Chain Of Command - 2001 Digital Remaster (02:33)/Limelight - 2001 Digital Remaster (02:26,https://i.scdn.co/image/ab67616d00001e0224110c456fe319f691e1a320
4VzRaSdKOXscjw5v3sur81,Ferro Battuto,7.47,Album,2001-04-13,Running Against The Grain (03:41)/Bist Du Bei Mir (04:19)/La quiete dopo un addio (03:54)/Personalità Empirica (03:34)/Il cammino interminabile (03:44)/Lontananze D'Azzurro (03:28)/Hey Joe (03:33)/Sarcofagia (03:42)/Scherzo in minore (03:21)/Il Potere Del Canto (04:03)/Öde (07:05,https://i.scdn.co/image/ab67616d00001e028fce06487f0b979fb9d8d77a
4XGVFJ14g3Ms1Q5MWVvPAT,From A Page,6.21,Album,2021-04-16,To The Moment - Single Edit (04:22)/To The Moment (06:12)/Words On A Page (06:21)/From The Turn Of A Card (03:27)/The Gift Of Love (09:57)/Siberian Khatru - Live From Lyon (10:39)/I've Seen All Good People - Live From Lyon (07:16)/Tempus Fugit - Live From Lyon (06:05)/Onward - Live From Lyon (04:38)/Astral Traveller - Live From Lyon (08:49)/Yours Is No Disgrace - Live From Lyon (13:23)/And You And I - Live From Lyon (11:27)/Corkscrew - Live From Lyon (03:42)/Second Initial - Live From Lyon (03:19)/Owner of a Lonely Heart - Live From Lyon (06:05)/South Side of the Sky - Live From Lyon (10:44)/Machine Messiah - Live From Lyon (11:41)/Heart of the Sunrise - Live From Lyon (11:43)/Roundabout - Live From Lyon (09:35)/Starship Trooper - Live From Lyon (13:08,https://i.scdn.co/image/ab67616d00001e0221c2b060019b713ed1591dac
4YK7qYQ9I62koYRiN0II6v,Orizzonti Perduti (2008 Remastered Edition),3.83,Album,1983,La Stagione Dell'Amore - Remastered 2008 (03:49)/Tramonto Occidentale - 2008 Remaster (03:15)/Zone Depresse - 2008 Remaster (03:33)/Un'Altra Vita - Remastered (03:45)/Mal D'Africa - 2008 Remaster (03:56)/La Musica È Stanca - 2008 Remaster (03:55)/Gente In Progresso - 2008 Remaster (03:33)/Campane Tibetane - 2008 Remaster (03:23,https://i.scdn.co/image/ab67616d00001e025eb1165c5e8c210613ab8631
4g1bXWOAxwXsB87MA3VyGQ,A Funky Thide Of Sings,45.08,Album,1975,Panhandler (04:06)/Sorcery (02:24)/A Funky Thide of Sings (03:38)/Thinking of You (04:29)/Some Skunk Funk (05:10)/Light at the End of the Tunnel (03:41)/A Funky Kind of Thing (09:18)/Moody Modes (12:17,https://i.scdn.co/image/ab67616d00001e027a6814f6a80297a3ea4ce9df
4gbZS6jj6ufbiSG4C8jLv5,Eat To The Beat,4.67,Album,1979-09-28,Dreaming (03:08)/The Hardest Part (03:42)/Union City Blue - Single Version (03:22)/Shayla (03:58)/Eat To The Beat (02:40)/Accidents Never Happen (04:13)/Die Young Stay Pretty (03:34)/Slow Motion (03:28)/Atomic (04:40)/Sound-A-Sleep (04:18)/Victor (03:18)/Living In The Real World (02:43,https://i.scdn.co/image/ab67616d00001e0244b45662755a96df78978fbd
4irlewoGTUPndEinKcavLF,Godbluff,12.8,Album,1975,"The Undercover Man - 2005 Digital Remaster (07:32)/Scorched Earth - 2005 Digital Remaster (09:43)/Arrow - 2005 Digital Remaster (09:47)/The Sleepwalkers - 2005 Digital Remaster (10:41)/Forsaken Garden's - Live, 2005 Digital Remaster (07:58)/A Louse Is Not A Home - Live, 2005 Digital Remaster (12:47",https://i.scdn.co/image/ab67616d00001e024327d90040184b2462dced76
4pUoU89OnJtWvqJiREjaV5,Nouar,6.28,Album,2006-04-03,NOUAR (06:17)/NAKHLA (06:16)/HAK HAK (06:45)/SAïDA (06:51)/MANI MAN (06:14)/KOUM OULA TALAG (06:06)/OUAH YA OULD BLADI (05:13)/OSMAN (04:34)/KHALOUHOM (05:30)/RASSOUL ALLAH (05:41,https://i.scdn.co/image/ab67616d00001e024ceea8ab2165b476dcd36c78
4reOSuEGgezThUW5w5uzPR,Remix.ed - 2001: A Worldbeat Odyssey,20.06,Album,2001-10-14,Instinctive Traveler (Funk.Ed Up Lelonk Mix) (06:43)/Telephone Arab (Shantel's Bucovina Dub) (06:38)/Jungle Book Part 2 (Simbad vs. Mowgly Mix) (06:40)/Love Supreme (Dj Badmarsh Breakout Mix) (06:34)/All India Radio (Slop Shop Remix) (06:34)/Seek To Sigh (Deep Space Radio Edit) (04:52)/Morning Dance (Kulisch & Vana Version) (04:25)/Broken Moon (30 Trillion & Mix) (03:59)/Open Up Your Eyes (Path Of Rhythm Mix) (06:22)/Instinctive Traveler (Lemongrass Streamix) (04:31,https://i.scdn.co/image/ab67616d00001e02196d56f3f000aa5d5dfcd0a0
4sGttqZGNiwEn39ACrODLR,Photos Of Ghosts,7.56,Album,1973,River Of Life (07:01)/Celebration (03:53)/Photos Of Ghosts (05:23)/Old Rain (03:41)/Il banchetto (08:36)/Mr 9 'Till 5 (04:11)/Promenade The Puzzle (07:30,https://i.scdn.co/image/ab67616d00001e02461adb93745fcd0ff126cf0b
4sLCQxMRfn3gAHrBNZtbTH,Speaking in Tongues (Deluxe Version),10.7,Album,1983-05-31,Burning Down the House - 2005 Remaster (04:01)/Making Flippy Floppy - 2005 Remaster (05:54)/Girlfriend Is Better - 2005 Remaster (05:43)/Slippery People - 2005 Remaster (05:06)/I Get Wild / Wild Gravity - 2005 Remaster (05:16)/Swamp - 2005 Remaster (05:13)/Moon Rocks - 2005 Remaster (05:45)/Pull up the Roots - 2005 Remaster (05:09)/This Must Be the Place (Naive Melody) - 2005 Remaster (04:56)/Two Note Swivel - Unfinished Outtake (05:48)/Burning Down the House - Alternate Version (05:09,https://i.scdn.co/image/ab67616d00001e02e35e2e2a4bfa8a30a78fc532
4sWf0wkRfi49tW4NLxdLj2,Fisiognomica (2008 Remastered Edition),54.53,Album,1988,Fisiognomica - 2008 Remaster (04:32)/E Ti Vengo A Cercare - Remastered 2008 (03:52)/Veni L'Autunnu - 2008 Remaster (03:27)/Secondo Imbrunire - 2008 Remaster (03:17)/Nomadi - Remastered (04:25)/Zai Saman - 2008 Remaster (03:52)/Il Mito Dell'Amore - 2008 Remaster (03:28)/L'Oceano Di Silenzio - 2008 Remaster (04:20,https://i.scdn.co/image/ab67616d00001e025b3665e0b6e6b41fa6044c75
4sdT5KV2MJAik048qExBOs,Crazy People's Right To Speak,139.03,Album,2004-08-02,Do I (03:28)/Shouldn't Do That (03:24)/Your Appetite (04:23)/Rivers (04:35)/Sit Down & Shut Up (03:55)/Afraid of You (03:52)/Jigsaw (03:52)/Fear of Falling (03:14)/Charm of a Gun (04:27)/You Really Take My Breath Away (04:56)/Shouldn't Do That - Disciplined Mix (07:00)/Shouldn't Do That - Undisciplined Mix (06:01)/Hurricane (03:57)/What Ever You Want (03:43,https://i.scdn.co/image/ab67616d00001e02a31cecd06441ce882905fbcd
4yMdFHGZTkXQsU4M55VjeZ,Cats Under the Stars (Expanded),77.81,Album,1978-04-15,Rubin And Cherise (05:17)/Love In The Afternoon (04:09)/Palm Sunday (02:21)/Cats Under The Stars (05:31)/Rhapsody In Red (05:11)/Rain (05:53)/Down Home (01:46)/Gomorrah (05:26)/Magnificent Sanctuary Band - Bonus Track (03:50)/I'll Be With Thee - Bonus Track (06:01)/The Way You Do the Things You Do - Bonus Track (05:01)/Mighty High - Bonus Track (03:04)/Don't Let Go - Bonus Track (15:59)/Down Home (Rehearsal Verison) - Bonus Track (01:49)/Palm Sunday (Alternate Take) - Bonus Track (02:24,https://i.scdn.co/image/ab67616d00001e0293201d81a9ff79f7a5ab5e1f
51pz4wvc0BPtjnGCWjxX91,Storia Di Un Minuto,17.79,Album,1972,Introduzione (01:09)/Impressioni di settembre (05:44)/È festa (04:52)/Dove... quando... - I Parte (04:10)/Dove... quando... - II Parte (06:01)/La carrozza di Hans (06:46)/Grazie davvero (05:51,https://i.scdn.co/image/ab67616d00001e02270d0ba6ae3e50d4b1e76415
52koatNHePHRWEmmkP0z2Z,White Feathers,12.49,Album,1983,White Feathers (03:31)/Too Shy (03:41)/Lies & Promises (02:54)/Magician Man (03:41)/Kajagoogoo - Instrumental (03:12)/Ooh to Be Ah (03:35)/Ergonomics (03:13)/Hang on Now (03:23)/This Car Is Fast (03:32)/Frayo (04:18)/Too Shy - Instrumental Mix (04:02)/Take Another View (04:34)/Interview Rooms (03:25)/Animal Instincts (02:41)/Introduction (05:11)/Too Shy - Midnight Mix (05:45)/Ooh to Be Ah - The Construction Mix (06:34)/Hang on Now - Extended Version (06:20,https://i.scdn.co/image/ab67616d00001e02858f93b738db08c4e500bd30
59I3dti6310mhQu69j6dgz,The Collection (Deluxe Edition),44.07,Album,2025-12-05,"Dancing With Tears In My Eyes - Single Version (04:10)/Hymn - Single Version (04:28)/The Thin Wall - Single Version (04:26)/The Voice - Single Version (04:23)/Vienna - Single Version (04:41)/Passing Strangers (03:50)/Sleepwalk (03:11)/Reap The Wild Wind (03:49)/All Stood Still - Single Version (03:42)/Visions In Blue - Single Version (04:17)/We Came To Dance - Single Version (04:10)/One Small Day (04:33)/Love's Great Adventure (03:06)/Lament - Single Version (04:18)/All Stood Still - Alternative Version (04:40)/The Thin Wall - Steven Wilson Single Mix (04:26)/Serenade - 2025 Single Mix (04:33)/White China - Steven Wilson Remix Edit (03:10)/Brilliant - Radio Edit (03:50)/Same Old Story - Radio Edit (03:30)/Hymn - Alternative Version (05:16)/New Europeans - Moments From Eden Live (05:00)/Rise - Liver, Sept 2012 (04:27)/Live - Single Edit (03:56)/Lament - Alternative Version (04:43)/All Fall Down - Radio Edit (04:38)/All In One Day - Radio Edit (04:19)/Vienna - Alternative Version (05:14)/Hymn - Steven Wilson 12"" Re-Mix (10:45)/Sleepwalk - Steven Wilson 12"" Re-Mix (06:57)/The Thin Wall - Steven Wilson 12"" Re-Mix (09:39)/Visions In Blue - Steven Wilson 12"" Re-Mix (08:48)/Reap The Wild Wind - 12"" Re-mix Extra (06:12)/Love's Great Adventure - Blank & Jones so8os Reconstruction (05:09)/All Stood Still - Midge Ure 12"" Re-Mix (05:58)/New Europeans - Extended Re-Mix (06:01)/Same Old Story - 12"" Re-mix Extra (05:53)/Serenade - 12"" Re-mix Extra (06:30)/Waiting (03:50)/Passionate Reply (04:17)/Herr X (05:43)/Alles Klar (04:55)/Keep Talking - Cassette Recording During Rehearsal (06:22)/I Never Wanted To Begin (03:31)/Paths And Angels (04:18)/Hosanna (In Excelsis Deo) (04:21)/Monument (03:16)/Break Your Back (03:28)/Overlook (04:04)/Easterly (03:48",https://i.scdn.co/image/ab67616d00001e029301d0167e4fbc1269695fd7
5BmnaerQ5nGMIZshBW4TmE,Live at Bestival 2012,134.9,Album,2013-07-08,Elegia (02:54)/Regret (04:05)/Isolation (03:14)/Krafty (04:59)/Here to Stay (06:17)/Bizarre Love Triangle (04:50)/586 (05:39)/The Perfect Kiss (06:32)/True Faith (06:59)/Blue Monday (07:08)/Temptation (10:07)/Transmission (04:04)/Love Will Tear Us Apart (05:26,https://i.scdn.co/image/ab67616d00001e028b987c9efecfc9b265597bd4
5IlWV2U89uY5EuNYtYQH6B,M.U. - The Best of Jethro Tull,3.62,Compilation,2007-03-16,Teacher (03:49)/Aqualung (06:36)/Thick as a Brick - Edit #1 (03:02)/Bungle in the Jungle (03:37)/Locomotive Breath (04:26)/Fat Man (02:50)/Living in the Past (03:21)/A Passion Play - Edit #8 (03:28)/Skating Away (On the Thin Ice of the New Day) (03:56)/Rainbow Blues (03:36)/Nothing Is Easy (04:24,https://i.scdn.co/image/ab67616d00001e02578f1ac435ac326e48334f66
5JmNk3ayVaujKO5hFvU5YA,Spectrum,12.71,Album,1973,Quadrant 4 (04:27)/Searching for the Right Door (01:24)/Spectrum (05:09)/Anxiety (01:41)/Taurian Matador (03:03)/Stratus (09:49)/To the Women in My Life (00:50)/Le Lis (03:20)/Snoopy's Search (01:03)/Red Baron (06:36,https://i.scdn.co/image/ab67616d00001e0253100a2a688ae4a0558fab17
5M7J7onHGnZ4pL235ByUi4,Inneres Auge (Il Tutto E' Più Della Somma Delle Sue Parti),3.31,Album,2009-01-01,Inneres Auge (03:43)/Un'Altra Vita (03:09)/Inverno (03:28)/No Time No Space (03:14)/L'Incantesimo (03:20)/Haiku (02:36)/La Quiete Dopo Un Addio (03:23)/Stage Door (03:39)/Tibet (03:18)/'U Cuntu (02:51,https://i.scdn.co/image/ab67616d00001e02ae232077efa0804c097017ef
5PFw2PRIpkY5OgXl69lib2,All In,10.11,Album,2026-04-17,Petunha (03:16)/Tadpole (06:49)/Press Play (04:19)/Over The Moon (03:29)/Sonderfahrt (04:39)/Braunfels (04:12)/Terzer Roller (03:40)/Loblied (03:16)/Nacht in Den Helder (02:30)/Auf weiter Flur (03:43)/Sehr gerne (03:55)/All In (05:14,https://i.scdn.co/image/ab67616d00001e02ebafc961d43f3137e2203168
5TDltjAh03cwDinX4SXwnR,Aurora (Bonus Tracks Edition),265.31,Album,2026-06-12,Aurora (07:25)/Turnaround Situation (05:48)/Love Lies Dreaming (06:24)/Countermovement (13:44)/Ariadne (06:14)/All Hands on Deck (03:03)/Outside the Box (04:18)/Emotional Intelligence (03:30)/Jambustin' (Bonus Track) (04:22)/Watching the River Roll (Bonus Track) (04:40,https://i.scdn.co/image/ab67616d00001e0247611d604ee4e051182900d3
5dVZpNJraoqCo3BssinMoo,Fear of Music (Deluxe Version),3.51,Album,1979-08-03,I Zimbra - 2005 Remaster (03:08)/Mind - 2005 Remaster (04:12)/Paper - 2005 Remaster (02:38)/Cities - 2005 Remaster (04:14)/Life During Wartime - 2005 Remaster (03:41)/Memories Can't Wait - 2005 Remaster (03:30)/Air - 2005 Remaster (03:34)/Heaven - 2005 Remaster (04:01)/Animals - 2005 Remaster (03:30)/Electric Guitar - 2005 Remaster (03:01)/Drugs - 2005 Remaster (05:14)/Dancing for Money - Unfinished Outtake (02:39)/Life During Wartime - Alternate Version (04:05)/Cities - Alternate Version (05:28)/Mind - Alternate Version (04:26,https://i.scdn.co/image/ab67616d00001e028365f74aa622b1b86962c8dd
5mhHyVk0zf9jvqvx9w77c5,Gommalacca,12.29,Album,1998-01-01,Shock In My Town (04:22)/Auto Da Fe' (03:59)/Casta Diva (03:37)/Il Ballo Del Potere (04:25)/La Preda (03:42)/Il Mantello E La Spiga (03:57)/E Stato Molto Bello (03:47)/Quello Che Fu (04:29)/Vite Parallele (03:23)/E. Shakleton (08:34,https://i.scdn.co/image/ab67616d00001e020ecf26d1fd4acb6c448e1245
5qAYH7QgYU3oxmxfbXwCiI,...Di Terra (Remastered 2022),22.04,Album,1978-01-01,Nel Cielo E Nelle Altre Cose Mute (Do Largo) - Remastered 2022 (04:40)/Terramadre (Sol Improvviso) - Remastered 2022 (03:08)/Non Senza Dolore (Chorale In Fa Minore) - Remastered 2022 (05:02)/Io Vivo (Fusione Per Trenta Elementi) - Remastered 2022 (09:11)/Né Più Di Un Albero Non Meno Di Una Stella (Do Gruppo) - Remastered 2022 (08:04)/Nei Suoni E Nei Silenzi (Pulsazioni In Si Minore) - Remastered 2022 (05:48)/Di Terra - Remastered 2022 (05:58,https://i.scdn.co/image/ab67616d00001e0222ab4ec3f43274eafdf23e1a
5v9MxUngO1GZ5rtxLtWokm,Torneremo Ancora,10.63,Album,2019-10-18,Torneremo ancora (03:37)/Come un cammello in una grondaia (03:26)/Le sacre sinfonie del tempo (03:41)/Lode all'inviolato (03:07)/L'animale (03:05)/Tiepido aprile (03:14)/Povera patria (03:53)/Te lo leggo negli occhi (03:05)/Perduto amor (02:28)/Prospettiva Nevsky (03:22)/La cura (04:04)/I treni di Tozeur (02:59)/E ti vengo a cercare (03:48)/Le nostre anime (04:06)/L'era del cinghiale bianco - Live (03:26,https://i.scdn.co/image/ab67616d00001e02f9d0ea5a63d6a1403dd13706
5w2Hr6P21D2VaEYNTK8KWS,People on the High Line,73.86999999999999,Single,2016-07-06,People on the High Line - Richard X Radio Edit (03:35)/People on the High Line - Claptone Remix (06:18,https://i.scdn.co/image/ab67616d00001e0208c7595f8aef072a4e7cf220
5wfikaEZXnQTXWBZ5osw9A,Some Great Reward (Deluxe),3.87,Album,1984-09-24,Something to Do (03:47)/Lie to Me (05:03)/People Are People (03:51)/It Doesn't Matter (04:45)/Stories of Old (03:14)/Somebody (04:27)/Master and Servant (04:12)/If You Want (04:40)/Blasphemous Rumours (06:21)/If You Want - Live in Basel (05:11)/People Are People - Live in Basel (04:16)/Somebody - Live in Liverpool (04:30)/Blasphemous Rumours - Live in Basel (05:31)/Master and Servant - Live in Basel (05:33)/In Your Memory (04:04)/(Set Me Free) Remotivate Me (04:17)/Somebody - Remix (04:26,https://i.scdn.co/image/ab67616d00001e02b01f868ecc62e809af0dd63b
5xFlkqLDx3wbgqtvrez1n0,The Pleasure Principle,7.81,Album,1979-09-07,"Airlane (03:18)/Metal (03:32)/Complex (03:12)/Films (04:09)/M.E. (05:37)/Tracks (02:51)/Observer (02:53)/Conversation (07:36)/Cars (03:58)/Engineers (04:01)/Random (03:49)/Oceans (03:03)/Asylum (02:31)/Me, I Disconnect from You - Live (03:06)/Bombers - '79 Live Original Mix (05:33)/Remember I Was Vapour - Live (04:46)/On Broadway - Live (04:48",https://i.scdn.co/image/ab67616d00001e0268c6ff057d32ba4834f4ea43
5xiRBGrHxPjEaqOn8Kaumm,Live Series - Bari 05/1987,52.95,Album,2024-05-17,Telephone Arab - Live (06:43)/Sultan Swing - Live (08:35)/Fata Morgana - Live (08:29)/This Is Not America - Live (06:28)/Bajka's Gnaoui - Live (06:37)/Blue Nile - Live (03:15)/Do the Pharao - Live (07:42)/Mata Hari - Live (08:02)/Berlin Beduins - Live (07:53)/Inshallah - Live (08:09)/Casablanca - Wacha Wacha - Live (06:50,https://i.scdn.co/image/ab67616d00001e0213501a85ce26b4b223d6ad98
68W3ppXWhsOLOURmxzRkyA,In The Wake Of Poseidon,4.88,Album,1970-05-15,Peace - A Beginning (00:50)/Pictures Of A City (08:01)/Cadence and Cascade (04:37)/In The Wake Of Poseidon (07:56)/Peace - A Theme (01:15)/Cat Food (04:53)/The Devils Triangle (11:37)/Peace - An End (01:56)/Cat Food (single version) (02:47)/Groon (single B-side) (03:35)/Cadence And Cascade (Greg Lake guide vocal) (04:33,https://i.scdn.co/image/ab67616d00001e02df0ca9c1749f68f803f9f42b
68x8Vnz6tHntlPN2zWou6d,The Art Of Falling Apart (Super Deluxe Version),7.08,Album,1983-01-01,"Forever The Same - Remastered 2025 (04:59)/Where The Heart Is - Remastered 2025 (04:30)/Numbers - Remastered 2025 (04:57)/Heat - Remastered 2025 (06:13)/Kitchen Sink Drama - Remastered 2025 (03:56)/Baby Doll - Remastered 2025 (06:48)/Loving You, Hating Me - Remastered 2025 (04:17)/The Art Of Falling Apart - Remastered 2025 (05:01)/Martin - Remastered 2025 (10:13)/Hendrix Medley - Remastered 2025 (10:23)/It's A Mug's Game - 7"" Version / Remastered 2025 (05:25)/Barriers - 7"" Version / Remastered 2025 (05:23)/Loving You, Hating Me - Special Mix / Remastered 2025 (07:43)/Forever The Same - Original 12"" Version / Remastered 2025 (10:55)/Where The Heart Is - Original 12"" Version / Remastered 2025 (09:43)/Numbers - Original 12"" Version / Remastered 2025 (10:21)/Heat - 2018 Extended Version / Remastered 2025 (06:03)/Kitchen Sink Drama - 2018 Extended Version / Remastered 2025 (05:26)/Baby Doll - 2025 Extended Version (06:46)/Loving You, Hating Me - Original 12"" Version / Remastered 2025 (06:38)/The Art Of Falling Apart - 2018 Extended Version / Remastered 2025 (08:47)/It's A Mug's Game - Original 12"" Version / Remastered 2025 (08:09)/Barriers - Original 12"" Version / Remastered 2025 (07:04)/Ghost Rider - 2025 Version (06:23)/Martin - The Hacker 2025 Remix (07:54)/It's A Mug's Game - Dave Ball 2025 Re-Eq Version (08:10)/Where The Heart Is - The Grid Remix / Remastered 2025 (08:54)/Baby Doll - Nightwreckage Remix / Remastered 2025 (05:01)/Barriers - Dave Ball Broken Down Angels Mix / Full Version / Remastered 2025 (07:08)/Martin - Dave Ball Hallowe'en Mix / Remastered 2025 (06:12)/Where The Heart Is - Marcas Lancaster Remix / Remastered 2025 (05:44)/The Art Of Falling Apart - Atomizer Remix / Remastered 2025 (06:16)/Barriers - Dark Poets Remix / Remastered 2025 (05:40)/Heat - Yer Man Alternative Remix (07:09)/Martin - Nightwreckage Remix / Remastered 2025 (05:10)/Forever The Same - Original 1982 Demo / Remastered 2025 (05:05)/Where The Heart Is - Original 1982 Demo / Remastered 2025 (04:28)/Numbers - Original 1982 Demo / Remastered 2025 (03:44)/Heat - Original 1982 Demo / Remastered 2025 (06:02)/Kitchen Sink Drama - Original 1982 Demo / Remastered 2025 (04:04)/Baby Doll - Original 1982 Demo / Remastered 2025 (06:23)/Loving You, Hating Me - Original 1982 Demo / Remastered 2025 (03:47)/The Art Of Falling Apart - Original 1982 Demo / Remastered 2025 (04:32)/Numbers - Live on BBC ORS / 14th January 1983 / Remastered 2025 (04:43)/Heat - Live on BBC ORS / 14th January 1983 / Remastered 2025 (03:16)/Ghost Rider - Live on Channel 4 The Tube / 1982 / Remastered 2025 (05:10)/Numbers - 7"" DJ Version / Remastered 2025 (04:18)/Heat - US Single Edit / Remastered 2025 (04:02)/Baby Doll - Non-Stop Euphoric Dubbing Version / Remastered 2025 (07:04)/Numbers - Non-Stop Euphoric Dubbing Version / Remastered 2025 (05:26",https://i.scdn.co/image/ab67616d00001e021a942ecd486b2e570bec01a9
6CvGnsHhBjVvGKgmIkpLMs,The Cat,3.4,Album,1998-01-01,"Theme From ""Joy House"" (04:37)/The Cat (03:24)/Basin Street Blues (03:59)/Main Title From ""The Carpetbaggers"" (03:56)/Chicago Serenade (03:57)/St. Louis Blues (03:16)/Delon's Blues (04:47)/Blues In The Night (04:46",https://i.scdn.co/image/ab67616d00001e0293435bac47afdbf9e4cc69a9
6DMU0YvLjgcpHddObNP8A6,Tormato (Deluxe Edition),3.93,Album,1978,"Future Times / Rejoice (06:46)/Don't Kill the Whale (03:55)/Madrigal (02:27)/Release, Release (05:44)/Arriving UFO (06:07)/Circus of Heaven (04:31)/Onward (04:05)/On the Silent Wings of Freedom (07:47)/Abilene (04:02)/Money (03:12)/Picasso - Previously Unissued (02:09)/Some Are Born - Previously Unissued (05:41)/You Can Be Saved - Previously Unissued (04:17)/High - Previously Unissued (04:27)/Days - Demo (00:59)/Countryside - Previously Unissued (03:11)/Everybody's Song - Previously Unissued (06:37",https://i.scdn.co/image/ab67616d00001e022d7837659398f964608225c0
6HOnkRsLQUptPzWag0FJTW,Into the Gap,4.65,Album,1984,Doctor! Doctor! (04:39)/You Take Me Up (04:26)/Hold Me Now (04:46)/Day After Day (03:50)/No Peace for the Wicked (04:06)/The Gap (04:46)/Sister of Mercy (05:09)/Storm on the Sea (05:32)/Who Can Stop the Rain (05:14,https://i.scdn.co/image/ab67616d00001e0245221f3476615a80c1fe21e2
6HQo3byKYGsHxOqofRmgCh,Technique,24.6,Album,1989-01-30,Fine Time - 2015 Remaster (04:44)/All the Way - 2015 Remaster (03:24)/Love Less - 2015 Remaster (03:04)/Round & Round - 2015 Remaster (04:31)/Guilty Partner - 2015 Remaster (04:46)/Run - 2015 Remaster (04:31)/Mr Disco - 2015 Remaster (04:21)/Vanishing Point - 2015 Remaster (05:17)/Dream Attack - 2015 Remaster (05:18,https://i.scdn.co/image/ab67616d00001e025ac2c6a71a5882025e438424
6NTrwu1XJ56jBPx7HMksbZ,Power Corruption and Lies,7.5,Album,1983-05-02,Age of Consent - 2015 Remaster (05:15)/We All Stand - 2015 Remaster (05:13)/The Village - 2015 Remaster (04:37)/5 8 6 - 2015 Remaster (07:29)/Your Silent Face - 2015 Remaster (05:59)/Ultraviolence - 2015 Remaster (04:51)/Ecstacy - 2015 Remaster (04:25)/Leave Me Alone - 2015 Remaster (04:41,https://i.scdn.co/image/ab67616d00001e02a0bb93884823982d57cb2004
6NxuD5bapm955pzlvzBh7j,Essential,43.38,Compilation,2013-01-01,Alla Fiera Dell'Est (05:25)/La Pulce D'Acqua (04:49)/Cogli la prima mela (03:27)/Colori (03:33)/Sotto Il Tiglio (02:56)/Ballo In Fa Diesis Minore (07:02)/La Serie Dei Numeri (04:32)/Il Signore Di Baux (04:30)/Il Dono Del Cervo (03:17)/La Favola Degli Aironi (03:46,https://i.scdn.co/image/ab67616d00001e02277442b990699a53edd6f582
6Tz3gRyPvHv8eDT5RZ2xXX,Spiral,29.78,Album,1977,Spiral (06:57)/Ballad (08:29)/Dervish D. (05:13)/To the Unknown Man (09:06)/3 + 3 (09:35,https://i.scdn.co/image/ab67616d00001e02d33647ede30ed8e2f796c1cb
6cjugjFHB3T1alJxAffyxQ,The Best of New Order,23.75,Compilation,1994-01-01,True Faith '94 (05:35)/Bizarre Love Triangle '94 (03:54)/1963 (03:47)/Regret (04:08)/Fine Time (03:09)/The Perfect Kiss (04:48)/Shellshock (04:24)/Thieves like Us (03:57)/Vanishing Point (05:17)/Run 2 (04:30)/Round & Round '94 (04:01)/World (Price of Love) (03:39)/Ruined in a Day - Radio Edit (04:00)/Touched by the Hand of God (03:45)/Blue Monday '88 (04:04)/World in Motion (04:30,https://i.scdn.co/image/ab67616d00001e027a15ec70efc0e952b13e6e12
6eYidTACXD5W50kNcfMMhQ,Trisector,72.92,Album,2008-01-01,The Hurlyburly (04:38)/Interference Patterns (03:52)/The Final Reel (05:49)/Lifetime (04:47)/Drop Dead (04:52)/Only In A Whisper (06:44)/All That Before (06:29)/Over The Hill (12:29)/(We Are) Not Here (04:04,https://i.scdn.co/image/ab67616d00001e02ca4f05580be8363a2ffde63b
6gp8D4NmYCcBz55J0s4QXH,Beat,3.58,Album,1982-06-18,Neal And Jack And Me (04:22)/Heartbeat (03:54)/Sartori in Tangier (03:34)/Waiting Man (04:27)/Neurotica (04:48)/Two Hands (03:23)/The Howler (04:12)/Requiem (06:42)/Absent Lovers (04:14)/Neurotica/The Howler (Live in Philadelphia) (10:15,https://i.scdn.co/image/ab67616d00001e0213f0fbd1d0cc07d80df11a51
6iHuSGy6pq4tNGFV3ZVPtl,Substance,84.25,Album,1987-08-17,"Ceremony (04:23)/Everythings Gone Green (05:30)/Temptation (06:59)/Blue Monday (07:29)/Confusion (04:43)/Thieves like Us - 12"" Extended (06:36)/The Perfect Kiss - Substance Edit (08:02)/Sub-culture - Substance Edit (04:48)/Shellshock - John Robie Remix; Substance Edit (06:28)/State of the Nation (06:32)/Bizarre Love Triangle - Extended Dance Mix (06:44)/True Faith (05:55)/In a Lonely Place (06:16)/Procession (04:27)/Cries and Whispers (03:25)/Hurt - Substance Edit (06:58)/The Beach (07:19)/Confused - Instrumental (07:38)/Lonesome Tonight (05:11)/Murder (03:55)/Thieves like Us - Instrumental (06:57)/Kiss of Death (07:02)/Shame of the Nation (07:54)/1963 (05:35",https://i.scdn.co/image/ab67616d00001e023c182241fcd86aeca2c68a63
6kUX5egdzyaAZCxdc4AeYU,Carney,20.33,Album,1972,Tight Rope (03:01)/Out In The Woods (03:37)/Me And Baby Jane (03:52)/Manhattan Island Serenade (03:25)/Cajun Love Song (03:09)/Roller Derby (02:25)/Carney (00:47)/Acid Annapolis (02:47)/If The Shoe Fits (02:22)/My Cricket (02:55)/This Masquerade (04:25)/Magic Mirror (04:56,https://i.scdn.co/image/ab67616d00001e0251247ab79904061f1294b599
6ls958BLJbeFT3OqAYTvQB,Low-Life,19.06,Album,1985-05-13,Love Vigilantes - 2015 Remaster (04:19)/The Perfect Kiss - 2015 Remaster (04:49)/This Time of Night - 2015 Remaster (04:44)/Sunrise - 2015 Remaster (06:00)/Elegia - 2015 Remaster (04:56)/Sooner Than You Think - 2015 Remaster (05:12)/Sub-culture - 2015 Remaster (04:57)/Face Up - 2015 Remaster (05:07,https://i.scdn.co/image/ab67616d00001e02d3495c4785236068ebc7fdc8
6nNlTIiFd3J06W0rJiiwlz,90125 (Deluxe Version),4.48,Album,1983-06-01,Owner of a Lonely Heart (04:28)/Hold On (05:16)/It Can Happen (05:29)/Changes (06:20)/Cinema (02:07)/Leave It (04:13)/Our Song (04:18)/City of Love (04:51)/Hearts (07:38)/Leave It - Single Remix (03:52)/Make It Easy (06:09)/It Can Happen - Cinema Version (06:05)/It's Over - Previously Unissued (05:38)/Owner of a Lonely Heart - Extended Remix (07:02)/Leave It - A Capella (03:18,https://i.scdn.co/image/ab67616d00001e022527c93491d39fe7e95b95ac
6v1vndOiIQS6MQr6JZZxhD,Fleurs 3,6.69,Album,2002-08-30,Perduto amore (03:17)/Impressioni di settembre (03:40)/Se mai (03:06)/Ritornerai (03:25)/Col tempo sai (03:34)/Insieme a te non ci sto piu' (03:12)/Il cielo in una stanza (03:11)/Le tue radici (03:20)/Se tu sapessi (03:17)/Sigillata con un bacio (Sealed with a Kiss) - Italian Version (03:20)/Come un sigillo (03:03)/Beim schlafengehen (02:56,https://i.scdn.co/image/ab67616d00001e0291d399da44361266a5702667
70V1kL7w7Q9pDU4I6zDjYE,The Colour of Spring,24.02,Album,1986,Happiness Is Easy - 1997 Remaster (06:30)/I Don't Believe in You - 1997 Remaster (05:02)/Life's What You Make It - 1997 Remaster (04:28)/April 5th - 1997 Remaster (05:51)/Living in Another World - 1997 Remaster (06:58)/Give It Up - 1997 Remaster (05:17)/Chameleon Day - 1997 Remaster (03:20)/Time It's Time - 1997 Remaster (08:14,https://i.scdn.co/image/ab67616d00001e025eecf8ff020b9ea6b263a2a0
70lCSSUGTZBvhpBjj8XlEZ,Birds Requiem,11.03,Album,2013-10-25,"Birds Canticum ""Birds Requiem"" Suite (03:16)/Sweet Blasphemy (06:03)/Blending Souls & Shades (To Shiraz) (09:29)/Ascetic Mood (05:40)/Fuga Hirundinum ""Birds Requiem"" Suite (04:19)/Khira ""Indicium Divinum"" Elegy for My Mother (03:55)/39th Gülay (To Istanbul) (06:49)/Archaic Feathers ""Birds Requiem"" Suite (03:00)/Sevdah (To Jon Hassell) (08:00)/Ascetic Journey (09:00)/Whirling Birds Ceremony ""Birds Requiem"" Suite (04:45",https://i.scdn.co/image/ab67616d00001e029cfa05ab75d662213d09f829
71OyKSCFX7DGsJc6qAhhQG,The Gift,2.89,Album,1982-03-12,Happy Together (02:50)/Ghosts (02:10)/Precious (04:12)/Just Who Is The 5 O'Clock Hero? (02:13)/Trans-Global Express (03:58)/Running On The Spot (03:05)/Circus - Instrumental Version (02:09)/The Planner's Dream Goes Wrong (02:18)/Carnation (03:26)/Town Called Malice (02:53)/The Gift (03:08,https://i.scdn.co/image/ab67616d00001e023cb7b96b66eeb42c6a74ebb3
73iVQndgikX2BpxklY2b5S,Live At Wembley Arena 2010,4.77,Album,2010-07-19,Cant Get Enough (05:02)/Honey Child (04:03)/Running with the Pack (04:22)/Burning Sky (06:28)/Young Blood (04:31)/Seagull (04:46)/Gone Gone Gone (04:28)/Electric Land (05:34)/Simple Man (05:31)/Feel Like Making Love (06:46)/Shooting Star (07:24)/Rock N Roll Fantasy (04:36)/Movin On (04:40)/Ready for Love (08:07)/Bad Company (07:25)/Deal with the Preacher (05:40,https://i.scdn.co/image/ab67616d00001e02a5d34205812cea589c7b020a
73oH4rFKRYCOigEORQ6QEf,Nobody's Diary (2008 Remaster),52.08,Single,1983-04-01,Nobody's Diary - 2008 Remaster (04:32)/State Farm - 2008 Remaster (03:36)/Nobody's Diary - Extended Version (06:08)/State Farm - Extended Version (06:37)/Situation - Re-Recorded Remix (07:32,https://i.scdn.co/image/ab67616d00001e02c6e2d19f904f482f2e9b83ee
74DsieRuuQhILbO0Y4DFxE,Last Night A Dj Saved My Life,5.04,Single,2014-10-23,Last Night A Dj Saved My Life (05:02,https://i.scdn.co/image/ab67616d00001e02b14fa95edff8306fcabb9f6c
78BeLVh1ko9oOELJCEJ0o6,Sorcerer,28.4,Album,1977-01-01,Main Title - Sorcerer/Sountrack Version (05:30)/Search (02:54)/The Call (01:59)/Creation (05:00)/Vengeance (05:34)/The Journey (01:58)/Grind (02:49)/Rain Forest (02:35)/Abyss (07:10)/The Mountain Road (01:54)/Impressions Of Sorcerer (02:53)/Betrayal (Sorcerer Theme) (03:43,https://i.scdn.co/image/ab67616d00001e02f871a82575d66300e0a2463f
78BwXnGLbEBi5jIgY5GVs8,Upstairs at Eric's (Remastered),14.5,Album,1982-08-20,Don't Go - 2008 Remaster (03:11)/Too Pieces - 2008 Remaster (03:14)/Bad Connection - 2008 Remaster (03:21)/I Before E Except After C - 2008 Remaster (04:42)/Midnight - 2008 Remaster (04:22)/In My Room - 2008 Remaster (03:52)/Only You - 2008 Remaster (03:15)/Goodbye 70's - 2008 Remaster (02:37)/Tuesday - 2008 Remaster (03:20)/Winter Kills - 2008 Remaster (04:04)/Bring Your Love Down (Didn't I) - 2008 Remaster (04:40,https://i.scdn.co/image/ab67616d00001e0266458e10eaf0b0edd65fc6d2
78tN6vBPHHyNk4sZYnS5X4,Fragile (Super Deluxe),2.66,Album,1971-11-12,"Roundabout - 2024 Remaster (08:36)/Cans and Brahms - 2024 Remaster (01:42)/We Have Heaven - 2024 Remaster (01:39)/South Side of the Sky - 2024 Remaster (07:57)/Five Per Cent for Nothing - 2024 Remaster (00:38)/Long Distance Runaround - 2024 Remaster (03:30)/The Fish (Schindleria Praematurus) - 2024 Remaster (02:39)/Mood for a Day - 2024 Remaster (03:00)/Heart of the Sunrise - 2024 Remaster (11:26)/Roundabout - 2024 Steven Wilson Remix (08:31)/Cans and Brahms - 2024 Steven Wilson Remix (01:39)/We Have Heaven - 2024 Steven Wilson Remix (01:39)/South Side of the Sky - 2024 Steven Wilson Remix (08:03)/Five Per Cent for Nothing - 2024 Steven Wilson Remix (00:35)/Long Distance Runaround - 2024 Steven Wilson Remix (03:30)/The Fish (Schindleria Praematurus) - 2024 Steven Wilson Remix (02:39)/Mood for a Day - 2024 Steven Wilson Remix (02:58)/Heart of the Sunrise - 2024 Steven Wilson Remix (10:38)/We Have Heaven (Reprise) - 2024 Steven Wilson Remix (00:47)/Roundabout (Instrumental) - 2024 Steven Wilson Remix (08:31)/We Have Heaven (Instrumental) - 2024 Steven Wilson Remix (01:39)/South Side of the Sky (Instrumental) - 2024 Steven Wilson Remix (08:03)/Long Distance Runaround (Instrumental) - 2024 Steven Wilson Remix (03:30)/The Fish (Schindleria Praematurus) [Instrumental] - 2024 Steven Wilson Remix (02:39)/Heart of the Sunrise (Instrumental) - 2024 Steven Wilson Remix (10:38)/We Have Heaven (Reprise) [Instrumental] - 2024 Steven Wilson Remix (00:47)/Roundabout (US Single Edit) - 2024 Remaster (03:27)/Long Distance Runaround (US Single Edit) - 2024 Remaster (03:16)/All Fighters Past (Steven Wilson Mix) (02:33)/South Side of the Sky (Early Take) - 2024 Remaster (06:20)/Roundabout (Rehearsal Take/Early Mix) - 2024 Remaster (08:10)/Mood for Another Day (Alternate Version) - 2024 Remaster (02:59)/We Have Heaven (Full Version) - Steven Wilson Mix (02:21)/South Side of the Sky (Early Version) - Steven Wilson Mix (05:11)/Long Distance Runaround - Steven Wilson Edit (03:39)/Heart of the Sunrise - Steven Wilson Edit (04:06)/America - 2024 Remaster (10:31)/Roundabout (Early Rough Mix) - 2024 Remaster (08:35)/We Have Heaven (Acapella) - Steven Wilson Mix (01:59)/Five Per Cent for Nothing - Alternate Version (00:45)/Heart of the Sunrise (Alternate Version) (10:40)/Long Distance Runaround/The Fish (Schindleria Praematurus) - Alternate Version (06:02)/America (Instrumental) - 2024 Steven Wilson Remix (10:31)/Long Distance Runaround/The Fish (Schindleria Praematurus) - Live at Academy of Music, New York, NY, 2/19/1972 (12:36)/Perpetual Change - Live at Academy of Music, New York, NY, 2/19/1972 (10:46)/Yours is No Disgrace - Live at Academy of Music, New York, NY, 2/19/1972 (13:37",https://i.scdn.co/image/ab67616d00001e025b6ff520a41ff9b0f29f701e
79IlwWTziJbkzjN8qio1KC,Soil Festivities (Remastered),47.24,Compilation,1984-04-01,Soil Festivities: Movement 1 - Remastered (17:35)/Soil Festivities: Movement 2 - Remastered (06:18)/Soil Festivities: Movement 3 - Remastered (06:06)/Soil Festivities: Movement 4 - Remastered (09:54)/Soil Festivities: Movement 5 - Remastered (07:20,https://i.scdn.co/image/ab67616d00001e020c31a04b55fec828d2164a6e
7CdGW9JRoTbqk2v5imOHQd,Come Un Cammello In Una Grondaia (2008 Remastered Edition),3.76,Album,1991,Povera Patria - Remastered (03:45)/Le Sacre Sinfonie Del Tempo - 2008 Remaster (03:45)/Come Un Cammello In Una Grondaia - 2008 Remaster (03:31)/L'Ombra Della Luce - Remastered (04:53)/Schmerzen - 2008 Remaster (02:50)/Plaisir D'Amour - 2008 Remaster (03:56)/Gestillte Sensucht - 2008 Remaster (05:48)/Oh Sweet Were The Hours - 2008 Remaster (03:38,https://i.scdn.co/image/ab67616d00001e02a39cf10475fe0aae4d30dae8
7GkJWXDdRuZyUvVKCbKujO,"Platz der Republik, West-Berlin - August 1st 1987",150.82,Album,1987,Caspian Sea (08:08)/Dolphin Smile (05:08)/Civilized Illusions (04:27)/Betrayal (Sorcerer Theme) (03:13)/Diamond Diary (03:16)/Love On a Real Train (02:48)/Canyon Voices (08:28)/Zen Garden (05:01)/Scuba Scuba (05:18)/Coloured Rain (03:02)/Quadriga (Piano Solo) (07:45)/Dolphin Dance (08:44)/Velvet Autumn (09:39)/Smile (Instrumental) (06:57)/Ride On the Ray (11:17)/Going West (05:45)/Yellowstone Park (06:42)/Tyger (Instrumental) (05:59)/Tiergarten (03:10)/21st Century Common Man (Part One) (04:16)/Time For Heroes (06:31,https://i.scdn.co/image/ab67616d00001e02c8a0cca6132de9834228c9da
7Hm47KQv4uPp1ijUhmyqea,Complete Music,284.31,Album,2016-05-13,Restless - Extended Mix (09:29)/Singularity - Extended Mix (07:33)/Plastic - Extended Mix (09:06)/Tutti frutti - Extended Mix (08:05)/People on the High Line - Extended Mix (07:51)/Stray Dog - Extended Mix (06:30)/Academic - Extended Mix (08:57)/Nothing but a Fool - Extended Mix 2 (09:09)/Unlearn This Hatred - Extended Mix (05:25)/The Game - Extended Mix (07:24)/Superheated - Extended Mix 2 (07:07)/Restless (05:28)/Singularity (05:37)/Plastic (06:55)/Tutti frutti (06:22)/People on the High Line (05:41)/Stray Dog (06:17)/Academic (05:54)/Nothing but a Fool (07:43)/Unlearn This Hatred (04:19)/The Game (05:06)/Superheated (05:04,https://i.scdn.co/image/ab67616d00001e029808c3f448d3e8a6fa613ec2
7JiTkfgNZqx6TSfVfLBpAJ,N'Ssi N'Ssi,4.14,Album,1993-01-01,Serbi Serbi (06:21)/Kebou (04:53)/Adieu (05:19)/Chebba (05:39)/Les ailes (04:52)/Alech Taadi (04:08)/Bakhta (05:10)/N'Ssi N'Ssi (03:32)/Zine A Zine (04:44)/Abdel Kader (06:06)/El Marsem (04:58,https://i.scdn.co/image/ab67616d00001e02d212227e592ff1d81f054ffb
7LPfdVDw4uXf9Bw5LQDESf,Heartbeat City (Expanded Edition),3.91,Album,1984,"Hello Again - 2017 Remaster (03:46)/Looking for Love - 2017 Remaster (03:51)/Magic - 2017 Remaster (03:57)/Drive - 2017 Remaster (03:54)/Stranger Eyes - 2017 Remaster (04:24)/You Might Think (03:04)/It's Not the Night - 2017 Remaster (03:48)/Why Can't I Have You - 2017 Remaster (04:03)/I Refuse - 2017 Remaster (03:15)/Heartbeat City - 2017 Remaster (04:30)/Hello Again - Remix; 2017 Remaster (05:56)/Drive - Demo (04:44)/One More Time - Early Version of ""Why Can't I Have You"" (03:59)/Baby I Refuse - Early Version of ""I Refuse"" (03:51)/Jacki - Early Version of ""Heartbeat City"" (04:15)/Breakaway - 2017 Remaster [Remastered] (03:47)/Tonight She Comes - 2017 Remaster (03:57",https://i.scdn.co/image/ab67616d00001e02f607580794ed5b352884fd47
7M2EhhKnJYcmluPNzmB35N,Albedo 0.39,39.7,Album,1976,"Pulstar - Audio (05:45)/Freefall (02:16)/Mare Tranquillitatis (01:45)/Main Sequence (08:09)/Sword of Orion (01:55)/Alpha (05:44)/Nucleogenesis, Pt. 1 (05:55)/Nucleogenesis, Pt. 2 (06:10)/Albedo 0.39 (04:21",https://i.scdn.co/image/ab67616d00001e02c867681ddaff9580f6d2b81b
7bXJzll4GUEOGqX1YshA8C,L'Isola Di Niente,4.13,Album,1974,L'isola di niente (10:48)/Is My Face on Straight (06:41)/La luna nuova (06:27)/Dolcissima Maria (04:08)/Via lumiere (07:25,https://i.scdn.co/image/ab67616d00001e024bed696f9432e0cf0d1a7d82
7busGzeS9qxPpqYI9BgHAK,Fish Out of Water,4.22,Album,1975-01-01,Hold Out Your Hand (04:13)/You By My Side (05:00)/Silently Falling (11:27)/Lucky Seven (06:54)/Safe (Canon Song) (15:13,https://i.scdn.co/image/ab67616d00001e024c10d9e9f4ddb306d70aa273
7cIIPSmmeDUaChBSJElK78,The Rest of New Order,36.37,Compilation,1995,World (The Price of Love) - Perfecto Mix (07:28)/Blue Monday - Hardfloor Mix (08:35)/True Faith - Shep Pettibone Remix (09:02)/Confusion - Pump Panel Reconstruction Mix (10:12)/Touched by the Hand of God - A Biff + Memphis Remix (10:00)/Bizarre Love Triangle - Armand Van Helden Mix (08:59)/Ruined in a Day - K-Klass Remix (06:13)/Regret - Fire Island Mix (07:13)/Age of Consent - Howie B. Remix (05:23)/Spooky - Magimix (06:58,https://i.scdn.co/image/ab67616d00001e022cb4d73a988ef5983e3276ed
7mIOgbore2HTzdh2ZyS4rH,Republic,4.15,Album,1993-05-03,Regret - 2015 Remaster (04:08)/World - 2015 Remaster (04:44)/Ruined in a Day - 2015 Remaster (04:22)/Spooky - 2015 Remaster (04:43)/Everyone Everywhere - 2015 Remaster (04:24)/Young Offender - 2015 Remaster (04:48)/Liar - 2015 Remaster (04:21)/Chemical - 2015 Remaster (04:10)/Times Change - 2015 Remaster (03:52)/Special - 2015 Remaster (04:51)/Avalanche - 2015 Remaster (03:16,https://i.scdn.co/image/ab67616d00001e028120870086c90b8de2309ef0
7whdVmvPLVWPGorXudFmeD,Silver Eagle (Live),3.32,Single,2026-04-24,Silver Eagle - Live (03:19,https://i.scdn.co/image/ab67616d00001e02a4c20e4c2907aebb13d28918
7zDqAzJyPco6YimYnwwYfV,L'Era Del Cinghiale Bianco (2008 Remastered Edition),8.79,Album,1979,L'Era Del Cinghiale Bianco - 2008 Remaster (04:16)/Magic Shop - 2008 Remaster (04:14)/Strade Dell'Est - 2008 Remaster (04:20)/Luna Indiana - 2008 Remaster (03:34)/Il Re Del Mondo - 2008 Remaster (05:37)/Pasqua Etiope - 2008 Remaster (04:29)/Stranizza D'Amuri - 2008 Remaster (05:13,https://i.scdn.co/image/ab67616d00001e021817adc14a9665a7f09e228d
