track,count
Starship Trooper/ Wurm,6
Bandiera Bianca,5
Man-Erg - Remastered 2021,5
L'Evoluzione,5
In Principio,4
Hallogallo,4
Vivaldi,4
La Mela Di Odessa,4
The Lion's Mouth,4
Sequenze E Frequenze - Live 1988 / Remastered 2020,3
Siberian Khatru - 2025 Remaster,3
Alpha,3
Lament,3
Rael - Pt.1 & Pt.2,3
The Sheltering Sky,3
Lemmings (Including Cog) - Remastered 2021,3
Freefall,3
Several Species of Small Furry Animals Gathered Together in a Cave and Grooving with a Pict,3
Focus II,2
The Night Watch,2
Cyber Alpha,2
Nuvole Nere,2
Apparenza e realtà,2
The Devils Triangle,2
La discesa dal treno,2
Sound Chaser - Single Edit,2
Geranio,2
Empty Pages - Remastered 2010,2
Parallels - 2003 Remaster,2
Killer - Remastered 2021,2
Mr Evasion,2
No U Turn - Live 1988 / Remastered 2020,2
Shangri-La (2019 Remaster),2
Into the Lens,2
Dove... quando... - II Parte,2
Andy Nogger,2
Up Patriots To Arms - Remastered 2008,2
Dog Breath Variations,2
China Cat Sunflower - 2013 Remaster,2
Little Red Rooster - (Original Single Mono Version),2
Seagull,2
Two Dolphins Go Dancing,2
Tiergarten,2
The Raven That Refused to Sing,2
Le Aquile - Remastered 2008,2
Abre la puerta,2
Man-Erg - New Stereo Mix 2021,2
Free Bird,2
Run Through The Jungle,2
Pigeons,2
Animals - 2005 Remaster,2
Pecore Elettriche - Italian version,2
The Four Horsemen,2
A Plague Of Lighthouse Keepers - Remastered 2021,2
Three Blind Mice,2
The Butterfly - Remastered,2
Monkey Man - Remastered 2019,2
Tempus Fugit,2
Ermeneutica,2
La Porta Chiusa,2
Neurotica,2
Back At The Chicken Shack,2
Paloma Ausente,2
Walking The Dog,2
Cat Walk,2
Some Skunk Funk,2
Everybody's Got Something To Hide Except Me And My Monkey - Remastered 2009,2
The Lamb,2
Light Flight,1
Crazy,1
Drive (Grundfunken),1
Non mi rompete,1
Il giro del cappio,1
La grande Pasqua russa,1
Impressioni di Settembre,1
I Get Up I Get Down - Remix,1
Total Mass Retain - Remix,1
Change Is Now - Single Version,1
From the Beginning,1
Who Knows Where The Time Goes?,1
Never Let Go - Single Version / Remastered 2023,1
Larks' Tongues In Aspic (Part I),1
750.000 anni fa... l'amore?,1
Traccia II,1
La Conquista Della Posizione Eretta,1
Discipline,1
Il Ballo Del Potere,1
Fino Alla Mia Porta,1
Il Banchetto - Live In Japan 2002,1
The Solid Time of Change - Remix,1
Don't Kill the Whale,1
Indiscipline,1
Janis - Remastered,1
La Ultima Juerga,1
Mente de Mi Subconsciente,1
Cara Sin Cruz,1
Libero pensatore,1
La Bomba (Stop Apartheid World-Wide),1
Pilgrims - 2005 Digital Remaster,1
Thela Hun Ginjeet,1
In the Stable of the Sphinx,1
The Age Of Ermafrodites,1
Main Sequence,1
Dear Mr. Fantasy,1
San Franciscan Nights,1
Euphoria,1
Paradise Walk,1
Wave Mother,1
Elanoizan,1
Back Street Luv,1
Animal Farm - 2018 Stereo Remaster,1
Nymphenburger,1
Teacher - Single Mix; 2001 Remaster,1
Dänzing,1
Intro,1
Eruption - Live,1
The Vanilla Queen,1
Rhayader Goes To Town - Remastered 2023,1
Tu frialdad,1
Dream Gerrard,1
Moon In June,1
No Quarter - Remaster,1
Ricochet (Part One) - Live From Europe/1975 / 1995 Digital Remaster,1
In the Light - Remaster,1
Diálogo,1
The Things You Said,1
Waiting for the Night,1
Halo,1
People Are People,1
Only When I Lose Myself - Single Version,1
It's No Good,1
True Faith - 2015 Remaster,1
Academic,1
Vier ½,1
Good Life,1
November,1
KD,1
"Amore Che Vieni, Amore Che Val",1
A Plague Of Lighthouse Keepers - New Stereo Mix 2021,1
Portia,1
Higher Love,1
Wild Horses,1
Sé de un lugar,1
Recuerdos de una noche,1
Luminosa mañana,1
Arrow - 2005 Digital Remaster,1
Cuentos Arabes,1
Así Soy Yo,1
Aguas del Guadalquivir,1
Ara Buza (Dame Un Beso) - Remasterizado,1
Desde Que Somos Dos - Remasterizado,1
El Bizco De Los Patios - Remasterizado,1
Recuerdos De Mi Tierra - Remasterizado,1
Recuerdos de una noche - En directo 1975,1
Todo es de color,1
En el lago,1
Lost - Remastered 2021,1
Birds,1
A Horse with No Name,1
Hey Bulldog - Remastered 2009,1
Blackbird - Remastered 2009,1
The Spider And The Fly - Remastered 2002,1
Bird Song,1
The Bird - Remastered,1
Animal Farm,1
L'elefante bianco,1
Personal Jesus - Acoustic,1
New Life,1
Theme One - New Stereo Mix 2021,1
White Rabbit,1
Lemmings (Including Cog) - New Stereo Mix 2021,1
W - New Stereo Mix 2021,1
L'assalto dei lupi,1
Zai Saman - 2008 Remaster,1
I Am The Walrus - Remastered 2009,1
Transumanza jam - Live in Lugano,1
Big Apple - Metro Mix,1
Turn Your Back on Me,1
Melting the Ice Away,1
On a Plane,1
Pet Sounds,1
Albatross,1
L'Animale - Remastered,1
Il Ragno,1
Dog's Life,1
Lizard (Prince Rupert Awakes/Bolero/The Battle of Glass Tears/Big Top),1
Rats - Remastered,1
Nine Cats,1
Catfish Blues,1
Le aquile non volano a stormi,1
La Pulce D'Acqua,1
Bird on the Wire,1
The Lamb Lies Down on Broadway - 2025 Remaster,1
Turtles Have Short Legs,1
Octopus's Garden - Remastered 2009,1
The Power to Forgive,1
Big Apple,1
Islands,1
Dead Pigeon Suite,1
The Fish (Schindleria Praematurus) - 2024 Remaster,1
Bungle in the Jungle,1
Rattlesnake Shake - 2013 Remaster,1
Refugees - Remastered,1
Darkness (11/11) [2005 - Remaster],1
The Snow Goose - Remastered 2023,1
And Your Bird Can Sing - Remastered 2009,1
Monkey Gone to Heaven,1
Si Dice Che I Delfini Parlino,1
Crawling King Snake,1
Dragonfly,1
"A Louse Is Not A Home - Live, 2005 Digital Remaster",1
Pigs (Three Different Ones),1
Piggies - Remastered 2009,1
The Cat,1
The Raven,1
Larks' Tongues In Aspic (Part II),1
Reptile,1
Scorched Earth - 2005 Digital Remaster,1
The Undercover Man - 2005 Digital Remaster,1
Surfin' Bird,1
The Lion's Mouth - Beast Mix,1
